INSERT INTO Dormitories (dormitory_id, name, capacity, location) VALUES ('1', 'Anderson, Rivera and Marquez', '173', '829 Kyle Pines Apt. 121
East Davidfort, PR 85301');
INSERT INTO Dormitories (dormitory_id, name, capacity, location) VALUES ('2', 'Lam Group', '154', '3870 Lee Key
Merrittburgh, WA 27429');
INSERT INTO Dormitories (dormitory_id, name, capacity, location) VALUES ('3', 'Benjamin, Smith and Lynch', '147', '333 Christian Place
New Donna, NJ 00973');
INSERT INTO Dormitories (dormitory_id, name, capacity, location) VALUES ('4', 'Leblanc and Sons', '131', '94020 Caroline Groves
West Peter, FL 67257');
INSERT INTO Dormitories (dormitory_id, name, capacity, location) VALUES ('5', 'Bonilla-Johns', '116', '398 Robert Lake
Port Kimberly, NY 60977');
INSERT INTO Dormitories (dormitory_id, name, capacity, location) VALUES ('6', 'Martinez PLC', '119', '7134 Christine Village Suite 486
South Charleston, CA 40171');
INSERT INTO Dormitories (dormitory_id, name, capacity, location) VALUES ('7', 'Smith, Jones and Davis', '163', '8038 Debbie Spurs
New Davidborough, NV 16678');
INSERT INTO Dormitories (dormitory_id, name, capacity, location) VALUES ('8', 'Day, Hanson and Silva', '106', '69813 Christopher Vista
Marissafurt, AZ 18292');
INSERT INTO Dormitories (dormitory_id, name, capacity, location) VALUES ('9', 'White, Murray and Osborne', '119', '092 Rivers Via Apt. 024
New Hannah, NH 75280');
INSERT INTO Dormitories (dormitory_id, name, capacity, location) VALUES ('10', 'Moreno, Gutierrez and Mcconnell', '142', '3555 Shannon Mountain
Port Sandraland, PW 79847');
INSERT INTO Dormitories (dormitory_id, name, capacity, location) VALUES ('11', 'Galvan, Wilson and Ramirez', '254', '894 Lisa Drives Suite 810
Annmouth, IN 44227');
INSERT INTO Dormitories (dormitory_id, name, capacity, location) VALUES ('12', 'Thomas-Snyder', '153', '01041 Chang Course Apt. 201
Andrewport, AL 95633');
INSERT INTO Dormitories (dormitory_id, name, capacity, location) VALUES ('13', 'Acosta, Nash and Bell', '206', '838 Oconnor Underpass Suite 269
Port Angelaton, MD 61434');
INSERT INTO Dormitories (dormitory_id, name, capacity, location) VALUES ('14', 'Quinn-Lucero', '189', '024 Ferguson Parkways
Hernandezburgh, AK 01260');
INSERT INTO Dormitories (dormitory_id, name, capacity, location) VALUES ('15', 'Burns, Mejia and Weber', '84', '264 Garcia Creek Apt. 381
West Amanda, ID 81323');
INSERT INTO Dormitories (dormitory_id, name, capacity, location) VALUES ('16', 'Martinez, Steele and Hampton', '278', '77642 Anderson Parks
South Randy, AK 92812');
INSERT INTO Dormitories (dormitory_id, name, capacity, location) VALUES ('17', 'Stein LLC', '176', '84521 Perez Shores Suite 961
Gomezville, WI 42915');
INSERT INTO Dormitories (dormitory_id, name, capacity, location) VALUES ('18', 'Hammond-Smith', '74', '40016 Kelley Manor
East Ericchester, HI 45360');
INSERT INTO Dormitories (dormitory_id, name, capacity, location) VALUES ('19', 'Kerr Inc', '193', '666 Robin Isle Apt. 963
Lake Elizabethmouth, AL 21519');
INSERT INTO Dormitories (dormitory_id, name, capacity, location) VALUES ('20', 'Keller-Anderson', '296', '96894 Wilson Gardens
Timothyville, NM 31356');
INSERT INTO Dormitories (dormitory_id, name, capacity, location) VALUES ('21', 'Pratt LLC', '231', '21756 Jimenez Circle
Susantown, MI 62411');
INSERT INTO Dormitories (dormitory_id, name, capacity, location) VALUES ('22', 'Gonzalez-Diaz', '164', '44600 Stein Square
North Timothy, MD 55763');
INSERT INTO Dormitories (dormitory_id, name, capacity, location) VALUES ('23', 'Watts Group', '93', '2329 Clark Radial
West Sarah, IL 09259');
INSERT INTO Dormitories (dormitory_id, name, capacity, location) VALUES ('24', 'Salazar-Campbell', '235', '6771 Joshua Mission
Snyderbury, ID 38590');
INSERT INTO Dormitories (dormitory_id, name, capacity, location) VALUES ('25', 'Clayton-Little', '103', '08001 Garcia Canyon
Dominguezstad, NH 44298');
INSERT INTO Dormitories (dormitory_id, name, capacity, location) VALUES ('26', 'Garcia LLC', '114', '22367 Scott Meadows
Browningberg, AL 79908');
INSERT INTO Dormitories (dormitory_id, name, capacity, location) VALUES ('27', 'Webb-Jones', '114', '9312 Jacob Unions Apt. 073
West Tommyland, ID 52740');
INSERT INTO Dormitories (dormitory_id, name, capacity, location) VALUES ('28', 'Robertson and Sons', '270', '10112 Ferguson Shoal
North Austin, NH 25910');
INSERT INTO Dormitories (dormitory_id, name, capacity, location) VALUES ('29', 'Alvarez-Kelly', '266', '351 Morse Union
West Laurachester, DE 11564');
INSERT INTO Dormitories (dormitory_id, name, capacity, location) VALUES ('30', 'Gardner-Stevens', '225', '061 Hubbard Bypass Apt. 202
Hernandezview, NH 04982');
INSERT INTO Dormitories (dormitory_id, name, capacity, location) VALUES ('31', 'Patterson, Henry and Crawford', '140', 'PSC 3754, Box 8993
APO AP 86245');
INSERT INTO Dormitories (dormitory_id, name, capacity, location) VALUES ('32', 'Santiago-Nelson', '130', '940 Bishop Valleys Apt. 149
Michaelbury, ID 12373');
INSERT INTO Dormitories (dormitory_id, name, capacity, location) VALUES ('33', 'Ramos, Scott and Shaw', '154', '1004 William Mount Apt. 306
Lake Linda, MN 55679');
INSERT INTO Dormitories (dormitory_id, name, capacity, location) VALUES ('34', 'Powers Group', '152', '82563 Jacobs Fields
Morrisontown, MI 45396');
INSERT INTO Dormitories (dormitory_id, name, capacity, location) VALUES ('35', 'Fleming Inc', '73', '158 Misty Fords Suite 867
Douglasborough, MH 97875');
INSERT INTO Dormitories (dormitory_id, name, capacity, location) VALUES ('36', 'Vega, Barnett and Bradley', '53', '8819 Buchanan Valley Apt. 188
Port Michelle, NY 87092');
INSERT INTO Dormitories (dormitory_id, name, capacity, location) VALUES ('37', 'Williams Ltd', '72', '09669 Jackson Summit
Duncanside, CA 45020');
INSERT INTO Dormitories (dormitory_id, name, capacity, location) VALUES ('38', 'Meyers, Whitney and Arellano', '55', '51943 Allison Plains Apt. 864
Patriciafurt, DE 98990');
INSERT INTO Dormitories (dormitory_id, name, capacity, location) VALUES ('39', 'Miller PLC', '129', '18598 Diaz Row
Johnchester, MN 29975');
INSERT INTO Dormitories (dormitory_id, name, capacity, location) VALUES ('40', 'Norton-Miller', '271', '03951 Beth Lock Suite 413
New Nathanberg, MP 41139');
INSERT INTO Dormitories (dormitory_id, name, capacity, location) VALUES ('41', 'Walker, Harrell and Quinn', '215', '65087 Black Turnpike
Snyderburgh, MD 18139');
INSERT INTO Dormitories (dormitory_id, name, capacity, location) VALUES ('42', 'Baker Group', '239', '85627 Andrews Spur Suite 919
Thomasbury, MS 28525');
INSERT INTO Dormitories (dormitory_id, name, capacity, location) VALUES ('43', 'Ritter-Boone', '155', '555 Victor Circle
New Katelyn, KS 19761');
INSERT INTO Dormitories (dormitory_id, name, capacity, location) VALUES ('44', 'Brown-Oconnor', '111', '5543 Mcgee Ferry Apt. 401
Thomastown, NJ 06965');
INSERT INTO Dormitories (dormitory_id, name, capacity, location) VALUES ('45', 'Blackwell and Sons', '163', '26948 Jacqueline Plain Apt. 625
West Elizabethchester, NH 58695');
INSERT INTO Dormitories (dormitory_id, name, capacity, location) VALUES ('46', 'Strickland Inc', '87', '0666 Curtis Garden
Martinfurt, DC 66053');
INSERT INTO Dormitories (dormitory_id, name, capacity, location) VALUES ('47', 'Reeves Inc', '53', '36288 Patricia Rapids Suite 163
West Sara, PA 57435');
INSERT INTO Dormitories (dormitory_id, name, capacity, location) VALUES ('48', 'Dawson Ltd', '134', '22677 Christopher Mission Suite 841
Lake Nathaniel, AL 90269');
INSERT INTO Dormitories (dormitory_id, name, capacity, location) VALUES ('49', 'Walker Ltd', '65', 'USS Buchanan
FPO AA 36847');
INSERT INTO Dormitories (dormitory_id, name, capacity, location) VALUES ('50', 'Martin PLC', '69', '303 Felicia Crest
Wadeberg, MT 46560');
INSERT INTO Dormitories (dormitory_id, name, capacity, location) VALUES ('51', 'Barnes, Cruz and Maldonado', '82', 'Unit 4074 Box 9119
DPO AA 46932');
INSERT INTO Dormitories (dormitory_id, name, capacity, location) VALUES ('52', 'Thompson, Jones and Costa', '110', '8254 Erickson Junction Apt. 257
Lake Kyle, AL 78704');
INSERT INTO Dormitories (dormitory_id, name, capacity, location) VALUES ('53', 'Miller, Reeves and Howell', '199', 'Unit 8927 Box 1144
DPO AA 12991');
INSERT INTO Dormitories (dormitory_id, name, capacity, location) VALUES ('54', 'Singh LLC', '94', 'PSC 6557, Box 0329
APO AE 37477');
INSERT INTO Dormitories (dormitory_id, name, capacity, location) VALUES ('55', 'Walker, Davis and Davis', '134', '01459 Caldwell Plain Apt. 785
Jenniferchester, PW 25244');
INSERT INTO Dormitories (dormitory_id, name, capacity, location) VALUES ('56', 'Simon, Sanchez and Mahoney', '64', 'Unit 3031 Box 1135
DPO AA 89341');
INSERT INTO Dormitories (dormitory_id, name, capacity, location) VALUES ('57', 'Richardson, Lopez and Green', '255', '57606 Gonzalez Valleys
South Philip, GA 56794');
INSERT INTO Dormitories (dormitory_id, name, capacity, location) VALUES ('58', 'Howard-Johnston', '60', '63005 Parks Brook Apt. 839
South Joanneshire, OR 53565');
INSERT INTO Dormitories (dormitory_id, name, capacity, location) VALUES ('59', 'Rivas, Hanson and Knox', '276', '536 Brandi River
Murrayland, RI 88685');
INSERT INTO Dormitories (dormitory_id, name, capacity, location) VALUES ('60', 'Bauer-Salas', '267', '1213 Moody Hills
Carterside, TX 22753');
INSERT INTO Dormitories (dormitory_id, name, capacity, location) VALUES ('61', 'Mays-White', '171', '99621 Shelia Center
East Henry, PR 61061');
INSERT INTO Dormitories (dormitory_id, name, capacity, location) VALUES ('62', 'Logan, Jackson and Jones', '113', '141 Porter Summit
East Shanefort, MI 78720');
INSERT INTO Dormitories (dormitory_id, name, capacity, location) VALUES ('63', 'Kim-Christensen', '105', '287 Alejandra Unions
South Georgeville, HI 39538');
INSERT INTO Dormitories (dormitory_id, name, capacity, location) VALUES ('64', 'Olson Group', '186', 'USS Davis
FPO AP 56233');
INSERT INTO Dormitories (dormitory_id, name, capacity, location) VALUES ('65', 'Morse, Wallace and Walker', '64', '8455 Henry Parkways Apt. 846
Cameronton, AZ 32859');
INSERT INTO Dormitories (dormitory_id, name, capacity, location) VALUES ('66', 'Marshall LLC', '197', '2398 Lopez Crossroad
Mccallfort, MH 70865');
INSERT INTO Dormitories (dormitory_id, name, capacity, location) VALUES ('67', 'Powell and Sons', '209', '29917 Cochran Lodge
North Angelatown, PW 78225');
INSERT INTO Dormitories (dormitory_id, name, capacity, location) VALUES ('68', 'Taylor, Rodriguez and Alexander', '224', '91820 Watson Field Apt. 898
Dawnton, MA 02405');
INSERT INTO Dormitories (dormitory_id, name, capacity, location) VALUES ('69', 'Thompson, Curtis and Chan', '262', '3471 Chavez Inlet Suite 189
Heatherview, DC 11463');
INSERT INTO Dormitories (dormitory_id, name, capacity, location) VALUES ('70', 'White-Johnson', '198', '56893 Dustin Loop
North Michelle, VI 72354');
INSERT INTO Dormitories (dormitory_id, name, capacity, location) VALUES ('71', 'Johnson, Smith and Lawson', '158', '2505 Yesenia Crossroad
Isabellastad, SC 69174');
INSERT INTO Dormitories (dormitory_id, name, capacity, location) VALUES ('72', 'Harris-Harrell', '263', '9379 Matthew Bridge Apt. 537
Tuckerburgh, HI 14810');
INSERT INTO Dormitories (dormitory_id, name, capacity, location) VALUES ('73', 'Montoya Ltd', '289', '4673 Walsh Manors Apt. 597
New Carol, FM 84854');
INSERT INTO Dormitories (dormitory_id, name, capacity, location) VALUES ('74', 'Pierce, Paul and Evans', '262', 'USS Rodriguez
FPO AE 34429');
INSERT INTO Dormitories (dormitory_id, name, capacity, location) VALUES ('75', 'Carlson PLC', '136', '3533 White Cape Apt. 469
East Michellehaven, CA 88325');
INSERT INTO Dormitories (dormitory_id, name, capacity, location) VALUES ('76', 'Shelton-Curry', '292', '1454 Ronald Flat Suite 140
South Randall, DE 39228');
INSERT INTO Dormitories (dormitory_id, name, capacity, location) VALUES ('77', 'White PLC', '286', 'PSC 5547, Box 5292
APO AA 14758');
INSERT INTO Dormitories (dormitory_id, name, capacity, location) VALUES ('78', 'Joseph, Ruiz and Wall', '90', 'PSC 8281, Box 4112
APO AE 32229');
INSERT INTO Dormitories (dormitory_id, name, capacity, location) VALUES ('79', 'Garcia-Mitchell', '141', '47206 Hill Knoll Suite 475
Tammyberg, KS 29430');
INSERT INTO Dormitories (dormitory_id, name, capacity, location) VALUES ('80', 'Benson, Oliver and Sparks', '75', '08696 Wong River
Port Ruth, NM 16827');
INSERT INTO Dormitories (dormitory_id, name, capacity, location) VALUES ('81', 'Bates-Kaufman', '163', '1539 Scott Gardens Suite 234
Brianland, TN 92391');
INSERT INTO Dormitories (dormitory_id, name, capacity, location) VALUES ('82', 'Harvey, Sexton and Walters', '87', 'Unit 4516 Box 5223
DPO AE 17227');
INSERT INTO Dormitories (dormitory_id, name, capacity, location) VALUES ('83', 'Crosby Group', '170', '33332 Brown Mall
Brownland, AL 63105');
INSERT INTO Dormitories (dormitory_id, name, capacity, location) VALUES ('84', 'Woodward, Morrison and Carter', '265', '81894 Tina Square
Port Stephen, MP 04990');
INSERT INTO Dormitories (dormitory_id, name, capacity, location) VALUES ('85', 'Thompson Ltd', '101', '82824 Washington Mountain Apt. 835
South Melissaton, CA 32781');
INSERT INTO Dormitories (dormitory_id, name, capacity, location) VALUES ('86', 'Banks-Bryan', '144', '29634 Justin Gateway
West Bridgetborough, GU 26781');
INSERT INTO Dormitories (dormitory_id, name, capacity, location) VALUES ('87', 'Townsend-Hall', '82', '036 William Burg
North Danieltown, VT 40283');
INSERT INTO Dormitories (dormitory_id, name, capacity, location) VALUES ('88', 'Johnson-Lewis', '162', '976 Ingram Landing
Marcusport, ID 74229');
INSERT INTO Dormitories (dormitory_id, name, capacity, location) VALUES ('89', 'Bender-Schaefer', '277', '937 Diane Highway
Lake Amanda, HI 10586');
INSERT INTO Dormitories (dormitory_id, name, capacity, location) VALUES ('90', 'Stokes PLC', '196', '190 Kimberly Spring
Port Kevinland, MO 00597');
INSERT INTO Dormitories (dormitory_id, name, capacity, location) VALUES ('91', 'Oconnor Group', '135', '53515 Alexandria Overpass Apt. 564
New Ryanburgh, DC 09106');
INSERT INTO Dormitories (dormitory_id, name, capacity, location) VALUES ('92', 'Hill Inc', '246', '290 Gonzalez Mountains Suite 671
Riceview, NH 05968');
INSERT INTO Dormitories (dormitory_id, name, capacity, location) VALUES ('93', 'Reyes Ltd', '265', '16253 John Radial
Port Joshua, NM 78512');
INSERT INTO Dormitories (dormitory_id, name, capacity, location) VALUES ('94', 'Cardenas, Torres and Davis', '135', '0657 Rangel Shoal
North Josechester, IA 26265');
INSERT INTO Dormitories (dormitory_id, name, capacity, location) VALUES ('95', 'Sullivan Inc', '214', '606 Tina Cove Apt. 316
Samanthaborough, SD 46648');
INSERT INTO Dormitories (dormitory_id, name, capacity, location) VALUES ('96', 'Roberts, Jones and Chambers', '153', '366 Logan Trafficway
Ashleychester, MO 67245');
INSERT INTO Dormitories (dormitory_id, name, capacity, location) VALUES ('97', 'Braun-Henderson', '234', '178 Hodge Pine
Troyshire, RI 84034');
INSERT INTO Dormitories (dormitory_id, name, capacity, location) VALUES ('98', 'Hall-Moore', '280', '4996 Sampson Falls Suite 582
New Jacob, OH 64310');
INSERT INTO Dormitories (dormitory_id, name, capacity, location) VALUES ('99', 'Brady Inc', '57', '344 Austin Circles Suite 521
Charlestown, SD 96129');
INSERT INTO Dormitories (dormitory_id, name, capacity, location) VALUES ('100', 'Ayala Group', '259', '25206 Curtis Haven Suite 391
Perezchester, MS 08294');
INSERT INTO MealPlans (meal_plan_id, type, description, cost) VALUES ('1', 'Standard', 'Own detail see kind himself somebody loss.', '723.16');
INSERT INTO MealPlans (meal_plan_id, type, description, cost) VALUES ('2', 'Vegetarian', 'Back security respond style defense decade left.', '322.28');
INSERT INTO MealPlans (meal_plan_id, type, description, cost) VALUES ('3', 'Vegan', 'Coach purpose sister church heart.', '201.18');
INSERT INTO MealPlans (meal_plan_id, type, description, cost) VALUES ('4', 'Vegetarian', 'Senior including town family authority.', '711.47');
INSERT INTO MealPlans (meal_plan_id, type, description, cost) VALUES ('5', 'Vegan', 'Recently someone also new tend important yes dinner.', '374.76');
INSERT INTO MealPlans (meal_plan_id, type, description, cost) VALUES ('6', 'Vegan', 'Federal author lawyer main west now.', '341.36');
INSERT INTO MealPlans (meal_plan_id, type, description, cost) VALUES ('7', 'Vegetarian', 'Whole point last law forward.', '673.89');
INSERT INTO MealPlans (meal_plan_id, type, description, cost) VALUES ('8', 'Vegan', 'Move role if shake.', '218.96');
INSERT INTO MealPlans (meal_plan_id, type, description, cost) VALUES ('9', 'Vegan', 'Young anyone base along adult next level.', '486.1');
INSERT INTO MealPlans (meal_plan_id, type, description, cost) VALUES ('10', 'Vegan', 'Region Congress these performance.', '314.17');
INSERT INTO MealPlans (meal_plan_id, type, description, cost) VALUES ('11', 'Vegan', 'Eye experience four affect.', '474.06');
INSERT INTO MealPlans (meal_plan_id, type, description, cost) VALUES ('12', 'Vegan', 'Kitchen fast outside seek continue interest kid.', '204.45');
INSERT INTO MealPlans (meal_plan_id, type, description, cost) VALUES ('13', 'Premium', 'Contain common one east buy.', '397.96');
INSERT INTO MealPlans (meal_plan_id, type, description, cost) VALUES ('14', 'Vegan', 'Possible final color.', '223.84');
INSERT INTO MealPlans (meal_plan_id, type, description, cost) VALUES ('15', 'Standard', 'Main hotel nature.', '614.84');
INSERT INTO MealPlans (meal_plan_id, type, description, cost) VALUES ('16', 'Standard', 'General site unit opportunity push question.', '790.2');
INSERT INTO MealPlans (meal_plan_id, type, description, cost) VALUES ('17', 'Vegetarian', 'Work up executive beautiful raise project be lawyer.', '700.43');
INSERT INTO MealPlans (meal_plan_id, type, description, cost) VALUES ('18', 'Vegetarian', 'Wear skin approach.', '424.17');
INSERT INTO MealPlans (meal_plan_id, type, description, cost) VALUES ('19', 'Standard', 'Account right laugh three court radio.', '555.88');
INSERT INTO MealPlans (meal_plan_id, type, description, cost) VALUES ('20', 'Premium', 'Baby when already community possible next.', '651.7');
INSERT INTO MealPlans (meal_plan_id, type, description, cost) VALUES ('21', 'Vegetarian', 'Address media once kid determine know.', '710.4');
INSERT INTO MealPlans (meal_plan_id, type, description, cost) VALUES ('22', 'Standard', 'Name mind always his speech last pretty.', '564.97');
INSERT INTO MealPlans (meal_plan_id, type, description, cost) VALUES ('23', 'Vegetarian', 'Always hold research fight author do.', '786.59');
INSERT INTO MealPlans (meal_plan_id, type, description, cost) VALUES ('24', 'Vegetarian', 'Stage however response southern.', '521.98');
INSERT INTO MealPlans (meal_plan_id, type, description, cost) VALUES ('25', 'Premium', 'Small lawyer manager wish.', '307.59');
INSERT INTO MealPlans (meal_plan_id, type, description, cost) VALUES ('26', 'Standard', 'Term of thus here newspaper charge hot.', '606.88');
INSERT INTO MealPlans (meal_plan_id, type, description, cost) VALUES ('27', 'Vegetarian', 'Prevent woman protect wait manage treat.', '390.45');
INSERT INTO MealPlans (meal_plan_id, type, description, cost) VALUES ('28', 'Premium', 'Line daughter simply environment time.', '425.28');
INSERT INTO MealPlans (meal_plan_id, type, description, cost) VALUES ('29', 'Vegan', 'Order director thank resource.', '404.06');
INSERT INTO MealPlans (meal_plan_id, type, description, cost) VALUES ('30', 'Premium', 'Knowledge off ask girl how authority call there.', '214.94');
INSERT INTO MealPlans (meal_plan_id, type, description, cost) VALUES ('31', 'Vegetarian', 'Pass everybody listen after.', '733.94');
INSERT INTO MealPlans (meal_plan_id, type, description, cost) VALUES ('32', 'Vegan', 'Fight add traditional degree certain after rule.', '200.97');
INSERT INTO MealPlans (meal_plan_id, type, description, cost) VALUES ('33', 'Premium', 'Industry form four not pattern quality voice.', '297.85');
INSERT INTO MealPlans (meal_plan_id, type, description, cost) VALUES ('34', 'Vegetarian', 'Drug firm position bar last science.', '251.44');
INSERT INTO MealPlans (meal_plan_id, type, description, cost) VALUES ('35', 'Vegetarian', 'Family case moment natural raise reveal middle.', '425.38');
INSERT INTO MealPlans (meal_plan_id, type, description, cost) VALUES ('36', 'Vegan', 'Establish common who my answer.', '779.35');
INSERT INTO MealPlans (meal_plan_id, type, description, cost) VALUES ('37', 'Vegan', 'Much guy current property.', '651.83');
INSERT INTO MealPlans (meal_plan_id, type, description, cost) VALUES ('38', 'Standard', 'Natural surface about national require.', '582.9');
INSERT INTO MealPlans (meal_plan_id, type, description, cost) VALUES ('39', 'Premium', 'Story wonder political fast ever.', '702.68');
INSERT INTO MealPlans (meal_plan_id, type, description, cost) VALUES ('40', 'Vegetarian', 'Onto deal behavior wife.', '486.88');
INSERT INTO MealPlans (meal_plan_id, type, description, cost) VALUES ('41', 'Standard', 'Lay business couple finally strong dinner state.', '593.28');
INSERT INTO MealPlans (meal_plan_id, type, description, cost) VALUES ('42', 'Vegetarian', 'Teach must production democratic.', '253.16');
INSERT INTO MealPlans (meal_plan_id, type, description, cost) VALUES ('43', 'Vegetarian', 'Open truth management raise.', '248.47');
INSERT INTO MealPlans (meal_plan_id, type, description, cost) VALUES ('44', 'Vegan', 'Also both there for.', '437.52');
INSERT INTO MealPlans (meal_plan_id, type, description, cost) VALUES ('45', 'Vegan', 'Give senior recently reality despite onto but.', '542.15');
INSERT INTO MealPlans (meal_plan_id, type, description, cost) VALUES ('46', 'Vegetarian', 'Best actually table themselves hope support.', '760.61');
INSERT INTO MealPlans (meal_plan_id, type, description, cost) VALUES ('47', 'Premium', 'Include affect light.', '642.01');
INSERT INTO MealPlans (meal_plan_id, type, description, cost) VALUES ('48', 'Vegan', 'Drive see hospital reflect.', '664.3');
INSERT INTO MealPlans (meal_plan_id, type, description, cost) VALUES ('49', 'Standard', 'Form dog return traditional.', '700.67');
INSERT INTO MealPlans (meal_plan_id, type, description, cost) VALUES ('50', 'Premium', 'Hair east tree trade.', '422.15');
INSERT INTO MealPlans (meal_plan_id, type, description, cost) VALUES ('51', 'Standard', 'Where white hand marriage side walk strategy.', '250.58');
INSERT INTO MealPlans (meal_plan_id, type, description, cost) VALUES ('52', 'Vegan', 'Media big evidence edge rather commercial expert.', '661.2');
INSERT INTO MealPlans (meal_plan_id, type, description, cost) VALUES ('53', 'Vegetarian', 'Song child effect report chair prepare last.', '410.59');
INSERT INTO MealPlans (meal_plan_id, type, description, cost) VALUES ('54', 'Vegetarian', 'Three sound leader project everything there sign side.', '562.64');
INSERT INTO MealPlans (meal_plan_id, type, description, cost) VALUES ('55', 'Vegetarian', 'Run contain early own very suggest TV.', '614.66');
INSERT INTO MealPlans (meal_plan_id, type, description, cost) VALUES ('56', 'Vegetarian', 'Break serious somebody news.', '217.38');
INSERT INTO MealPlans (meal_plan_id, type, description, cost) VALUES ('57', 'Standard', 'Different way from police short nice nor former.', '367.94');
INSERT INTO MealPlans (meal_plan_id, type, description, cost) VALUES ('58', 'Standard', 'Worry me prepare.', '485.75');
INSERT INTO MealPlans (meal_plan_id, type, description, cost) VALUES ('59', 'Vegetarian', 'Cup more owner doctor election.', '661.38');
INSERT INTO MealPlans (meal_plan_id, type, description, cost) VALUES ('60', 'Vegetarian', 'Opportunity various improve news generation machine marriage too.', '478.89');
INSERT INTO MealPlans (meal_plan_id, type, description, cost) VALUES ('61', 'Vegan', 'Campaign accept deal food teach effect beautiful make.', '282.96');
INSERT INTO MealPlans (meal_plan_id, type, description, cost) VALUES ('62', 'Premium', 'Magazine national play focus natural describe.', '720.82');
INSERT INTO MealPlans (meal_plan_id, type, description, cost) VALUES ('63', 'Standard', 'House message eye third blue.', '369.33');
INSERT INTO MealPlans (meal_plan_id, type, description, cost) VALUES ('64', 'Vegetarian', 'One yeah at white present support.', '778.24');
INSERT INTO MealPlans (meal_plan_id, type, description, cost) VALUES ('65', 'Standard', 'Level eye I administration baby director.', '427.86');
INSERT INTO MealPlans (meal_plan_id, type, description, cost) VALUES ('66', 'Standard', 'Almost movement thus scientist.', '469.92');
INSERT INTO MealPlans (meal_plan_id, type, description, cost) VALUES ('67', 'Premium', 'Coach dark article run which public pass security.', '722.87');
INSERT INTO MealPlans (meal_plan_id, type, description, cost) VALUES ('68', 'Vegan', 'Board idea above floor meet protect increase.', '663.32');
INSERT INTO MealPlans (meal_plan_id, type, description, cost) VALUES ('69', 'Vegan', 'Assume purpose she.', '452.52');
INSERT INTO MealPlans (meal_plan_id, type, description, cost) VALUES ('70', 'Vegetarian', 'Seat forward poor trial.', '444.24');
INSERT INTO MealPlans (meal_plan_id, type, description, cost) VALUES ('71', 'Vegan', 'Collection nor might easy eye process issue.', '653.99');
INSERT INTO MealPlans (meal_plan_id, type, description, cost) VALUES ('72', 'Standard', 'Month whole left contain real pretty by including.', '602.59');
INSERT INTO MealPlans (meal_plan_id, type, description, cost) VALUES ('73', 'Vegetarian', 'Play identify green stage student land back.', '574.14');
INSERT INTO MealPlans (meal_plan_id, type, description, cost) VALUES ('74', 'Vegan', 'Heavy account without tonight.', '581.16');
INSERT INTO MealPlans (meal_plan_id, type, description, cost) VALUES ('75', 'Premium', 'Feeling close model democratic people today.', '696.8');
INSERT INTO MealPlans (meal_plan_id, type, description, cost) VALUES ('76', 'Vegetarian', 'Recently nothing federal here thought conference.', '229.5');
INSERT INTO MealPlans (meal_plan_id, type, description, cost) VALUES ('77', 'Premium', 'Along TV why might create because sound movement.', '331.84');
INSERT INTO MealPlans (meal_plan_id, type, description, cost) VALUES ('78', 'Standard', 'Measure if recently.', '331.81');
INSERT INTO MealPlans (meal_plan_id, type, description, cost) VALUES ('79', 'Vegetarian', 'Catch bed morning receive become send start.', '573.89');
INSERT INTO MealPlans (meal_plan_id, type, description, cost) VALUES ('80', 'Premium', 'Skill mother senior owner.', '520.07');
INSERT INTO MealPlans (meal_plan_id, type, description, cost) VALUES ('81', 'Standard', 'View technology current choice ready military car.', '300.17');
INSERT INTO MealPlans (meal_plan_id, type, description, cost) VALUES ('82', 'Standard', 'Scene it speech social other deal care type.', '324.7');
INSERT INTO MealPlans (meal_plan_id, type, description, cost) VALUES ('83', 'Vegan', 'Conference beat police room politics yourself middle interview.', '598.98');
INSERT INTO MealPlans (meal_plan_id, type, description, cost) VALUES ('84', 'Vegetarian', 'Bit Democrat world thought present close particularly.', '367.29');
INSERT INTO MealPlans (meal_plan_id, type, description, cost) VALUES ('85', 'Vegetarian', 'Edge recently short bill manager manage.', '666.91');
INSERT INTO MealPlans (meal_plan_id, type, description, cost) VALUES ('86', 'Premium', 'Later along mind certainly.', '662.9');
INSERT INTO MealPlans (meal_plan_id, type, description, cost) VALUES ('87', 'Premium', 'Six his inside room color.', '539.52');
INSERT INTO MealPlans (meal_plan_id, type, description, cost) VALUES ('88', 'Premium', 'Push time discover product news economic beat.', '304.7');
INSERT INTO MealPlans (meal_plan_id, type, description, cost) VALUES ('89', 'Premium', 'Lead or collection speak.', '322.13');
INSERT INTO MealPlans (meal_plan_id, type, description, cost) VALUES ('90', 'Vegetarian', 'Policy sign perhaps mind leave shoulder.', '738.86');
INSERT INTO MealPlans (meal_plan_id, type, description, cost) VALUES ('91', 'Premium', 'Air teach talk president responsibility painting now.', '534.25');
INSERT INTO MealPlans (meal_plan_id, type, description, cost) VALUES ('92', 'Vegan', 'View there billion could again.', '669.3');
INSERT INTO MealPlans (meal_plan_id, type, description, cost) VALUES ('93', 'Vegetarian', 'Bit charge role charge generation crime any.', '544.79');
INSERT INTO MealPlans (meal_plan_id, type, description, cost) VALUES ('94', 'Vegan', 'Race in nature company performance head dog.', '373.75');
INSERT INTO MealPlans (meal_plan_id, type, description, cost) VALUES ('95', 'Standard', 'Those affect yes of imagine ahead.', '706.78');
INSERT INTO MealPlans (meal_plan_id, type, description, cost) VALUES ('96', 'Standard', 'Feeling finish each stop blood life.', '740.28');
INSERT INTO MealPlans (meal_plan_id, type, description, cost) VALUES ('97', 'Standard', 'Respond serve training stuff easy cold.', '330.94');
INSERT INTO MealPlans (meal_plan_id, type, description, cost) VALUES ('98', 'Standard', 'Building pattern during Republican.', '265.25');
INSERT INTO MealPlans (meal_plan_id, type, description, cost) VALUES ('99', 'Vegan', 'Shake time again deep whatever.', '785.12');
INSERT INTO MealPlans (meal_plan_id, type, description, cost) VALUES ('100', 'Standard', 'Must something smile dinner direction boy second whether.', '630.48');
INSERT INTO DiningHalls (dining_hall_id, name, location, capacity) VALUES ('1', 'Carr LLC', '26962 Olivia Ford
Harperton, PW 42207', '492');
INSERT INTO DiningHalls (dining_hall_id, name, location, capacity) VALUES ('2', 'Walsh-Patterson', '68572 Berry Fall Suite 700
Ashleyburgh, AZ 67545', '338');
INSERT INTO DiningHalls (dining_hall_id, name, location, capacity) VALUES ('3', 'Watts, Haley and Smith', '6959 Beasley Viaduct
South Sheilachester, MD 80936', '119');
INSERT INTO DiningHalls (dining_hall_id, name, location, capacity) VALUES ('4', 'Levine PLC', '0852 Brooke Oval
Taylorburgh, KY 79422', '311');
INSERT INTO DiningHalls (dining_hall_id, name, location, capacity) VALUES ('5', 'Cunningham, Perez and Alexander', 'Unit 9353 Box 9388
DPO AE 73786', '255');
INSERT INTO DiningHalls (dining_hall_id, name, location, capacity) VALUES ('6', 'Wilson-Parks', '97315 Andrew Union
Hullberg, NM 41086', '412');
INSERT INTO DiningHalls (dining_hall_id, name, location, capacity) VALUES ('7', 'Rodriguez Inc', '0775 Baker Lodge
Reyesland, KS 79012', '425');
INSERT INTO DiningHalls (dining_hall_id, name, location, capacity) VALUES ('8', 'Craig, Daniel and Delacruz', '435 Miranda Stream
New Ronald, LA 76155', '445');
INSERT INTO DiningHalls (dining_hall_id, name, location, capacity) VALUES ('9', 'Allen-Serrano', 'Unit 5959 Box 8791
DPO AE 50707', '298');
INSERT INTO DiningHalls (dining_hall_id, name, location, capacity) VALUES ('10', 'Clark, Miller and West', '260 Cameron Common Apt. 221
North Kristy, NC 29524', '302');
INSERT INTO DiningHalls (dining_hall_id, name, location, capacity) VALUES ('11', 'Humphrey Group', '774 Blake Trail Suite 914
Rogersberg, NC 51752', '425');
INSERT INTO DiningHalls (dining_hall_id, name, location, capacity) VALUES ('12', 'Wright-Long', '462 Linda Shoals Suite 273
Seanside, NE 51843', '366');
INSERT INTO DiningHalls (dining_hall_id, name, location, capacity) VALUES ('13', 'Holloway-Hernandez', '947 Garrett View Suite 113
Alexandriaport, TN 75892', '392');
INSERT INTO DiningHalls (dining_hall_id, name, location, capacity) VALUES ('14', 'Doyle-Klein', '409 Jason Throughway
Mariabury, IL 96014', '106');
INSERT INTO DiningHalls (dining_hall_id, name, location, capacity) VALUES ('15', 'Woodward Ltd', '635 Bell Plains Apt. 632
Marshallhaven, NH 68357', '366');
INSERT INTO DiningHalls (dining_hall_id, name, location, capacity) VALUES ('16', 'Hoover-Myers', '345 Webb Estate Apt. 467
Ellisonhaven, MA 36694', '476');
INSERT INTO DiningHalls (dining_hall_id, name, location, capacity) VALUES ('17', 'Myers, Mullen and Martinez', '838 Jackie Road Apt. 877
Port Billy, GA 61166', '437');
INSERT INTO DiningHalls (dining_hall_id, name, location, capacity) VALUES ('18', 'Buck, Ferguson and Perez', '529 Michael Corners Suite 843
Nunezhaven, NH 41708', '462');
INSERT INTO DiningHalls (dining_hall_id, name, location, capacity) VALUES ('19', 'Cannon and Sons', '0305 Ruiz Throughway
Lake Crystalstad, NE 08346', '324');
INSERT INTO DiningHalls (dining_hall_id, name, location, capacity) VALUES ('20', 'Schmitt PLC', '1697 Ford Knolls Apt. 547
North Jasonville, VI 09999', '133');
INSERT INTO DiningHalls (dining_hall_id, name, location, capacity) VALUES ('21', 'Brooks-Morris', '219 Diana Creek Suite 899
Port David, VT 88717', '492');
INSERT INTO DiningHalls (dining_hall_id, name, location, capacity) VALUES ('22', 'Padilla, Hamilton and Baker', '068 Mcgee Spur
West Sheilabury, ME 89994', '253');
INSERT INTO DiningHalls (dining_hall_id, name, location, capacity) VALUES ('23', 'Waller-Jones', '9088 Lamb Radial Apt. 456
New Monica, CT 95855', '132');
INSERT INTO DiningHalls (dining_hall_id, name, location, capacity) VALUES ('24', 'Rogers LLC', '55048 Lee Mountains
East Brianna, NE 17447', '479');
INSERT INTO DiningHalls (dining_hall_id, name, location, capacity) VALUES ('25', 'Martinez and Sons', '5461 Morris Plains Suite 114
South Heidi, NM 80446', '233');
INSERT INTO DiningHalls (dining_hall_id, name, location, capacity) VALUES ('26', 'Mcdowell Ltd', '3376 Weiss Village Apt. 787
East Dannyport, OR 22997', '477');
INSERT INTO DiningHalls (dining_hall_id, name, location, capacity) VALUES ('27', 'Gibson, Rivera and White', '4448 Laura Drive Suite 116
Matthewsburgh, NM 38470', '140');
INSERT INTO DiningHalls (dining_hall_id, name, location, capacity) VALUES ('28', 'Atkinson-Wang', '8204 William Underpass Apt. 511
Anthonyfurt, FM 73630', '180');
INSERT INTO DiningHalls (dining_hall_id, name, location, capacity) VALUES ('29', 'Jennings and Sons', '6363 Joshua Lakes Suite 437
Smithland, ND 72400', '108');
INSERT INTO DiningHalls (dining_hall_id, name, location, capacity) VALUES ('30', 'Shepherd and Sons', '3939 Caldwell Street Apt. 167
New Mariomouth, AK 88027', '286');
INSERT INTO DiningHalls (dining_hall_id, name, location, capacity) VALUES ('31', 'Caldwell-Walker', '6047 Steven Port
Palmerburgh, MO 66789', '156');
INSERT INTO DiningHalls (dining_hall_id, name, location, capacity) VALUES ('32', 'Trevino Inc', 'PSC 9279, Box 4611
APO AE 87844', '143');
INSERT INTO DiningHalls (dining_hall_id, name, location, capacity) VALUES ('33', 'Butler, Turner and Smith', '952 Valerie Curve
Wadestad, NE 33110', '229');
INSERT INTO DiningHalls (dining_hall_id, name, location, capacity) VALUES ('34', 'Pennington, Glover and Leonard', '7243 Matthew Lake
Karabury, CA 56573', '256');
INSERT INTO DiningHalls (dining_hall_id, name, location, capacity) VALUES ('35', 'Hebert-Hernandez', '23997 Oliver Plaza
South James, WY 89522', '248');
INSERT INTO DiningHalls (dining_hall_id, name, location, capacity) VALUES ('36', 'Robles, Griffin and Barron', '384 Gregory Court Suite 853
Port Keith, OH 22794', '116');
INSERT INTO DiningHalls (dining_hall_id, name, location, capacity) VALUES ('37', 'Gutierrez, Smith and Casey', '79082 Timothy Estate
Garciaville, CO 85196', '413');
INSERT INTO DiningHalls (dining_hall_id, name, location, capacity) VALUES ('38', 'Carr-Neal', '707 Mendoza Shoal
Danielfurt, RI 55235', '464');
INSERT INTO DiningHalls (dining_hall_id, name, location, capacity) VALUES ('39', 'Lynch-Aguirre', '20004 Coleman Walk Apt. 477
Theresaview, ID 40290', '234');
INSERT INTO DiningHalls (dining_hall_id, name, location, capacity) VALUES ('40', 'Jenkins, Brooks and Johnson', '074 Wolfe Highway Apt. 389
North Amymouth, WI 30723', '442');
INSERT INTO DiningHalls (dining_hall_id, name, location, capacity) VALUES ('41', 'Perez, Pena and Olson', '4644 James Center
Bakertown, NH 42837', '428');
INSERT INTO DiningHalls (dining_hall_id, name, location, capacity) VALUES ('42', 'Davis LLC', 'PSC 9488, Box 1610
APO AA 76932', '120');
INSERT INTO DiningHalls (dining_hall_id, name, location, capacity) VALUES ('43', 'Miller PLC', '555 Fernando Meadow
Rebeccaside, NJ 30853', '426');
INSERT INTO DiningHalls (dining_hall_id, name, location, capacity) VALUES ('44', 'Frye, Carter and Paul', '166 Elijah Spurs Apt. 156
Rebeccaberg, IA 51786', '351');
INSERT INTO DiningHalls (dining_hall_id, name, location, capacity) VALUES ('45', 'Wade Ltd', '7659 Fischer Crossroad
New Maria, NV 55005', '225');
INSERT INTO DiningHalls (dining_hall_id, name, location, capacity) VALUES ('46', 'Riley, Pineda and Edwards', '9749 Travis Flat Suite 769
West Eric, NY 50914', '352');
INSERT INTO DiningHalls (dining_hall_id, name, location, capacity) VALUES ('47', 'Shannon Inc', '284 Pineda Union Apt. 785
Haleyton, NC 16244', '246');
INSERT INTO DiningHalls (dining_hall_id, name, location, capacity) VALUES ('48', 'Copeland and Sons', '6659 Burns Well
Lake Wendyview, VT 94984', '256');
INSERT INTO DiningHalls (dining_hall_id, name, location, capacity) VALUES ('49', 'Cantrell-Harrison', '133 Bonnie Viaduct
Lake Ericaside, WY 33219', '456');
INSERT INTO DiningHalls (dining_hall_id, name, location, capacity) VALUES ('50', 'Perez-Stephens', '48330 Mcdonald Track
New Danielshire, NY 82952', '127');
INSERT INTO DiningHalls (dining_hall_id, name, location, capacity) VALUES ('51', 'Holmes and Sons', '6749 Jonathan Dale Suite 120
Kathyville, AL 28611', '463');
INSERT INTO DiningHalls (dining_hall_id, name, location, capacity) VALUES ('52', 'Livingston, Patel and Meyer', '1151 Mary Forest
Lake Carrie, NC 23037', '212');
INSERT INTO DiningHalls (dining_hall_id, name, location, capacity) VALUES ('53', 'Mckinney-Cruz', 'PSC 5969, Box 9382
APO AA 39394', '150');
INSERT INTO DiningHalls (dining_hall_id, name, location, capacity) VALUES ('54', 'Hansen-Horne', '087 Nicole Ridges
Marshbury, AS 27524', '429');
INSERT INTO DiningHalls (dining_hall_id, name, location, capacity) VALUES ('55', 'Johnson-Munoz', 'PSC 8272, Box 8608
APO AA 64256', '440');
INSERT INTO DiningHalls (dining_hall_id, name, location, capacity) VALUES ('56', 'Torres-Garcia', 'Unit 5778 Box 5434
DPO AP 37639', '399');
INSERT INTO DiningHalls (dining_hall_id, name, location, capacity) VALUES ('57', 'Washington-Evans', '2252 Armstrong Ports
West Walterview, GU 07837', '259');
INSERT INTO DiningHalls (dining_hall_id, name, location, capacity) VALUES ('58', 'Turner PLC', '1420 Kelley Circle
Kimberlyhaven, PA 36116', '270');
INSERT INTO DiningHalls (dining_hall_id, name, location, capacity) VALUES ('59', 'Wright, Wilson and Rios', '3667 Melinda Gateway
North Nicholaston, RI 26559', '409');
INSERT INTO DiningHalls (dining_hall_id, name, location, capacity) VALUES ('60', 'Cunningham PLC', '8252 Macias Manor Suite 278
North Michellemouth, KY 04420', '405');
INSERT INTO DiningHalls (dining_hall_id, name, location, capacity) VALUES ('61', 'Soto, Garrison and Reid', 'PSC 3073, Box 5316
APO AA 97619', '404');
INSERT INTO DiningHalls (dining_hall_id, name, location, capacity) VALUES ('62', 'Garcia and Sons', '429 Klein Mountains
East Rebecca, VI 96432', '300');
INSERT INTO DiningHalls (dining_hall_id, name, location, capacity) VALUES ('63', 'Williams-Maldonado', '22769 Smith Alley
Kellyberg, IN 27339', '280');
INSERT INTO DiningHalls (dining_hall_id, name, location, capacity) VALUES ('64', 'Hudson Ltd', '44753 Traci Shores
New Alex, MH 46433', '486');
INSERT INTO DiningHalls (dining_hall_id, name, location, capacity) VALUES ('65', 'Campos-Stephenson', '2031 Eric Forks
New Maryland, TX 38373', '461');
INSERT INTO DiningHalls (dining_hall_id, name, location, capacity) VALUES ('66', 'Williamson, Velazquez and Bell', '8447 Martinez Centers Apt. 822
Jenniferbury, NE 75325', '489');
INSERT INTO DiningHalls (dining_hall_id, name, location, capacity) VALUES ('67', 'Lucero, Hernandez and Lee', '85121 Laura Spring Apt. 043
Calebport, AR 49152', '131');
INSERT INTO DiningHalls (dining_hall_id, name, location, capacity) VALUES ('68', 'Joyce, Perry and Martinez', '2120 Alexander Haven Suite 922
Weaverchester, WV 19428', '263');
INSERT INTO DiningHalls (dining_hall_id, name, location, capacity) VALUES ('69', 'Foley-Roman', '6564 Carroll Tunnel
East Bruce, MD 12345', '361');
INSERT INTO DiningHalls (dining_hall_id, name, location, capacity) VALUES ('70', 'Smith, Larsen and Hanson', '9780 Lynch Mountains
Courtneymouth, NH 19181', '135');
INSERT INTO DiningHalls (dining_hall_id, name, location, capacity) VALUES ('71', 'Alvarez-Brown', 'PSC 4792, Box 0585
APO AP 69655', '350');
INSERT INTO DiningHalls (dining_hall_id, name, location, capacity) VALUES ('72', 'Black-Webster', '76203 Sarah Spur Apt. 281
Brittneyport, AR 80588', '114');
INSERT INTO DiningHalls (dining_hall_id, name, location, capacity) VALUES ('73', 'Watkins-Ramsey', '500 Samantha Pike
Wolfmouth, MI 71195', '463');
INSERT INTO DiningHalls (dining_hall_id, name, location, capacity) VALUES ('74', 'Montgomery LLC', '37030 Baker Lane
Floydburgh, MO 84875', '175');
INSERT INTO DiningHalls (dining_hall_id, name, location, capacity) VALUES ('75', 'Turner Group', '1231 Karen Avenue
Port Brucetown, VT 54912', '301');
INSERT INTO DiningHalls (dining_hall_id, name, location, capacity) VALUES ('76', 'Burns Ltd', '691 Mejia Mall
Gutierrezhaven, PA 09509', '139');
INSERT INTO DiningHalls (dining_hall_id, name, location, capacity) VALUES ('77', 'Owen-Molina', '859 Joseph Islands
Middletonchester, GU 56363', '362');
INSERT INTO DiningHalls (dining_hall_id, name, location, capacity) VALUES ('78', 'Norris, Bell and Murphy', 'Unit 5939 Box 1300
DPO AE 76093', '182');
INSERT INTO DiningHalls (dining_hall_id, name, location, capacity) VALUES ('79', 'Smith, James and Moore', '026 Alvarez Track Apt. 105
East Jennifermouth, MH 32343', '306');
INSERT INTO DiningHalls (dining_hall_id, name, location, capacity) VALUES ('80', 'Martin-Hamilton', '6623 Jonathan Dale Apt. 873
Leonardport, WV 38614', '357');
INSERT INTO DiningHalls (dining_hall_id, name, location, capacity) VALUES ('81', 'Hernandez-Baker', '83084 Warren Corners
Thomasberg, SC 38691', '299');
INSERT INTO DiningHalls (dining_hall_id, name, location, capacity) VALUES ('82', 'Brown, Hoover and Campos', '51757 Kathy Mills Suite 300
Bethanystad, UT 40810', '237');
INSERT INTO DiningHalls (dining_hall_id, name, location, capacity) VALUES ('83', 'Brown, Kirk and Fuller', '7096 Heather Causeway Apt. 287
South Stevenstad, MI 31857', '335');
INSERT INTO DiningHalls (dining_hall_id, name, location, capacity) VALUES ('84', 'Estes and Sons', '7220 David Turnpike
New Stephaniestad, ID 50521', '198');
INSERT INTO DiningHalls (dining_hall_id, name, location, capacity) VALUES ('85', 'Prince-Edwards', '5624 Taylor Drives
New Debramouth, OH 88282', '370');
INSERT INTO DiningHalls (dining_hall_id, name, location, capacity) VALUES ('86', 'Thompson Inc', '03301 Carter Manors
Port Erictown, MT 21856', '250');
INSERT INTO DiningHalls (dining_hall_id, name, location, capacity) VALUES ('87', 'Knight, Mullins and Stephens', '83491 Jill Walk
West Timothy, VI 04148', '219');
INSERT INTO DiningHalls (dining_hall_id, name, location, capacity) VALUES ('88', 'Robles Group', '042 Nelson Causeway
North Jean, CA 37920', '495');
INSERT INTO DiningHalls (dining_hall_id, name, location, capacity) VALUES ('89', 'Johnson, Richards and Mcdaniel', '374 Joy Harbors Apt. 597
Arnoldchester, OH 42614', '135');
INSERT INTO DiningHalls (dining_hall_id, name, location, capacity) VALUES ('90', 'Kim-Flowers', 'Unit 6919 Box 0947
DPO AA 73830', '174');
INSERT INTO DiningHalls (dining_hall_id, name, location, capacity) VALUES ('91', 'Johnson, Mora and Graham', '945 Dawn Gardens
Port Nancyview, NV 62796', '426');
INSERT INTO DiningHalls (dining_hall_id, name, location, capacity) VALUES ('92', 'Nelson-Miller', '75366 French Hills Apt. 940
Amymouth, OH 02385', '388');
INSERT INTO DiningHalls (dining_hall_id, name, location, capacity) VALUES ('93', 'Murphy PLC', '49207 Thomas Street
Sandovalmouth, AK 19303', '493');
INSERT INTO DiningHalls (dining_hall_id, name, location, capacity) VALUES ('94', 'Hebert and Sons', '58591 Johnson Flats Suite 642
East Isabellaburgh, PW 21013', '277');
INSERT INTO DiningHalls (dining_hall_id, name, location, capacity) VALUES ('95', 'Wright-Barton', '4347 Maria Mill Apt. 412
East Patricia, MP 47205', '379');
INSERT INTO DiningHalls (dining_hall_id, name, location, capacity) VALUES ('96', 'Conner, Hughes and Green', '845 Adams Camp Apt. 941
Lake Kennethbury, GA 26477', '396');
INSERT INTO DiningHalls (dining_hall_id, name, location, capacity) VALUES ('97', 'Smith, Mccoy and Atkinson', '51363 Jordan Gateway Apt. 650
Moniquemouth, NH 81406', '241');
INSERT INTO DiningHalls (dining_hall_id, name, location, capacity) VALUES ('98', 'Clark and Sons', 'PSC 4947, Box 6565
APO AE 62049', '386');
INSERT INTO DiningHalls (dining_hall_id, name, location, capacity) VALUES ('99', 'Chapman-Washington', '68181 William Pine
Salazarland, SD 15193', '349');
INSERT INTO DiningHalls (dining_hall_id, name, location, capacity) VALUES ('100', 'Little, Coffey and Harris', 'USNV Flores
FPO AP 88216', '349');
INSERT INTO Students (student_id, name, dormitory_id, meal_plan_id, dietary_restrictions) VALUES ('1', 'Diana Macdonald', '80', '5', NULL);
INSERT INTO Students (student_id, name, dormitory_id, meal_plan_id, dietary_restrictions) VALUES ('2', 'Timothy Hutchinson', '86', '82', NULL);
INSERT INTO Students (student_id, name, dormitory_id, meal_plan_id, dietary_restrictions) VALUES ('3', 'Daniel Jones', '37', '97', 'Year idea here great money maybe almost.');
INSERT INTO Students (student_id, name, dormitory_id, meal_plan_id, dietary_restrictions) VALUES ('4', 'Vanessa Williams MD', '5', '25', NULL);
INSERT INTO Students (student_id, name, dormitory_id, meal_plan_id, dietary_restrictions) VALUES ('5', 'Wayne Walters', '66', '63', NULL);
INSERT INTO Students (student_id, name, dormitory_id, meal_plan_id, dietary_restrictions) VALUES ('6', 'Michelle Snow', '63', '2', 'Write explain hard explain.');
INSERT INTO Students (student_id, name, dormitory_id, meal_plan_id, dietary_restrictions) VALUES ('7', 'Shawn Salazar', '93', '98', NULL);
INSERT INTO Students (student_id, name, dormitory_id, meal_plan_id, dietary_restrictions) VALUES ('8', 'Justin Edwards', '63', '46', NULL);
INSERT INTO Students (student_id, name, dormitory_id, meal_plan_id, dietary_restrictions) VALUES ('9', 'Kim Haney', '100', '82', NULL);
INSERT INTO Students (student_id, name, dormitory_id, meal_plan_id, dietary_restrictions) VALUES ('10', 'Kevin Morales', '1', '50', NULL);
INSERT INTO Students (student_id, name, dormitory_id, meal_plan_id, dietary_restrictions) VALUES ('11', 'Diane Williams', '22', '59', NULL);
INSERT INTO Students (student_id, name, dormitory_id, meal_plan_id, dietary_restrictions) VALUES ('12', 'Emily Norris', '21', '60', NULL);
INSERT INTO Students (student_id, name, dormitory_id, meal_plan_id, dietary_restrictions) VALUES ('13', 'Jimmy Griffin', '63', '15', NULL);
INSERT INTO Students (student_id, name, dormitory_id, meal_plan_id, dietary_restrictions) VALUES ('14', 'Kim Johnson', '29', '6', NULL);
INSERT INTO Students (student_id, name, dormitory_id, meal_plan_id, dietary_restrictions) VALUES ('15', 'Madison Becker', '49', '30', NULL);
INSERT INTO Students (student_id, name, dormitory_id, meal_plan_id, dietary_restrictions) VALUES ('16', 'Thomas Lynch', '31', '85', NULL);
INSERT INTO Students (student_id, name, dormitory_id, meal_plan_id, dietary_restrictions) VALUES ('17', 'Karen Vaughn', '92', '97', 'Year message quite specific international produce offer picture.');
INSERT INTO Students (student_id, name, dormitory_id, meal_plan_id, dietary_restrictions) VALUES ('18', 'David Ortiz', '33', '34', 'Word officer up both law.');
INSERT INTO Students (student_id, name, dormitory_id, meal_plan_id, dietary_restrictions) VALUES ('19', 'Jennifer Cole', '50', '43', 'Difference able help she serious tax.');
INSERT INTO Students (student_id, name, dormitory_id, meal_plan_id, dietary_restrictions) VALUES ('20', 'Karen Jones', '7', '9', NULL);
INSERT INTO Students (student_id, name, dormitory_id, meal_plan_id, dietary_restrictions) VALUES ('21', 'Wendy Villarreal', '39', '34', NULL);
INSERT INTO Students (student_id, name, dormitory_id, meal_plan_id, dietary_restrictions) VALUES ('22', 'Tanya Wilcox', '71', '55', 'Third great indicate present.');
INSERT INTO Students (student_id, name, dormitory_id, meal_plan_id, dietary_restrictions) VALUES ('23', 'Damon Baker', '53', '92', 'They threat home ready.');
INSERT INTO Students (student_id, name, dormitory_id, meal_plan_id, dietary_restrictions) VALUES ('24', 'Lawrence Johnson', '54', '18', NULL);
INSERT INTO Students (student_id, name, dormitory_id, meal_plan_id, dietary_restrictions) VALUES ('25', 'Katie Woods', '10', '48', NULL);
INSERT INTO Students (student_id, name, dormitory_id, meal_plan_id, dietary_restrictions) VALUES ('26', 'Eric Smith', '21', '16', NULL);
INSERT INTO Students (student_id, name, dormitory_id, meal_plan_id, dietary_restrictions) VALUES ('27', 'Russell Reynolds', '50', '55', NULL);
INSERT INTO Students (student_id, name, dormitory_id, meal_plan_id, dietary_restrictions) VALUES ('28', 'Andrew Baird', '87', '68', NULL);
INSERT INTO Students (student_id, name, dormitory_id, meal_plan_id, dietary_restrictions) VALUES ('29', 'George Jackson', '88', '53', 'Market table Mr skill drug cold.');
INSERT INTO Students (student_id, name, dormitory_id, meal_plan_id, dietary_restrictions) VALUES ('30', 'William Wilson', '30', '89', 'Too door office nothing north.');
INSERT INTO Students (student_id, name, dormitory_id, meal_plan_id, dietary_restrictions) VALUES ('31', 'Eugene Graves', '27', '61', NULL);
INSERT INTO Students (student_id, name, dormitory_id, meal_plan_id, dietary_restrictions) VALUES ('32', 'John Harris', '22', '19', 'Message you imagine guy popular wind industry.');
INSERT INTO Students (student_id, name, dormitory_id, meal_plan_id, dietary_restrictions) VALUES ('33', 'John Duarte', '16', '77', NULL);
INSERT INTO Students (student_id, name, dormitory_id, meal_plan_id, dietary_restrictions) VALUES ('34', 'Brandon Bowers', '78', '81', NULL);
INSERT INTO Students (student_id, name, dormitory_id, meal_plan_id, dietary_restrictions) VALUES ('35', 'Charles Rogers', '97', '13', NULL);
INSERT INTO Students (student_id, name, dormitory_id, meal_plan_id, dietary_restrictions) VALUES ('36', 'Jonathan Jimenez', '70', '34', NULL);
INSERT INTO Students (student_id, name, dormitory_id, meal_plan_id, dietary_restrictions) VALUES ('37', 'Jason Ortega', '3', '23', NULL);
INSERT INTO Students (student_id, name, dormitory_id, meal_plan_id, dietary_restrictions) VALUES ('38', 'Cynthia Valdez', '74', '50', NULL);
INSERT INTO Students (student_id, name, dormitory_id, meal_plan_id, dietary_restrictions) VALUES ('39', 'Mitchell Mcbride', '17', '100', NULL);
INSERT INTO Students (student_id, name, dormitory_id, meal_plan_id, dietary_restrictions) VALUES ('40', 'Dr. Taylor Martinez', '77', '46', NULL);
INSERT INTO Students (student_id, name, dormitory_id, meal_plan_id, dietary_restrictions) VALUES ('41', 'Jeffrey Murphy', '95', '4', NULL);
INSERT INTO Students (student_id, name, dormitory_id, meal_plan_id, dietary_restrictions) VALUES ('42', 'Patricia Rose', '86', '75', NULL);
INSERT INTO Students (student_id, name, dormitory_id, meal_plan_id, dietary_restrictions) VALUES ('43', 'Anita Lane', '99', '69', NULL);
INSERT INTO Students (student_id, name, dormitory_id, meal_plan_id, dietary_restrictions) VALUES ('44', 'Michelle White', '23', '22', NULL);
INSERT INTO Students (student_id, name, dormitory_id, meal_plan_id, dietary_restrictions) VALUES ('45', 'Kelly Gordon', '97', '69', NULL);
INSERT INTO Students (student_id, name, dormitory_id, meal_plan_id, dietary_restrictions) VALUES ('46', 'Keith Jones', '87', '59', 'Able truth look ask.');
INSERT INTO Students (student_id, name, dormitory_id, meal_plan_id, dietary_restrictions) VALUES ('47', 'Timothy Jones', '46', '11', NULL);
INSERT INTO Students (student_id, name, dormitory_id, meal_plan_id, dietary_restrictions) VALUES ('48', 'Nathaniel Mullen', '57', '11', NULL);
INSERT INTO Students (student_id, name, dormitory_id, meal_plan_id, dietary_restrictions) VALUES ('49', 'Bobby Sanchez', '100', '70', NULL);
INSERT INTO Students (student_id, name, dormitory_id, meal_plan_id, dietary_restrictions) VALUES ('50', 'Dr. Justin Harris', '74', '77', 'Seem theory program short safe style two.');
INSERT INTO Students (student_id, name, dormitory_id, meal_plan_id, dietary_restrictions) VALUES ('51', 'Ellen Lopez', '82', '63', 'Care strategy establish control.');
INSERT INTO Students (student_id, name, dormitory_id, meal_plan_id, dietary_restrictions) VALUES ('52', 'Joshua Ortega', '43', '95', NULL);
INSERT INTO Students (student_id, name, dormitory_id, meal_plan_id, dietary_restrictions) VALUES ('53', 'Nicole Stephenson', '24', '85', NULL);
INSERT INTO Students (student_id, name, dormitory_id, meal_plan_id, dietary_restrictions) VALUES ('54', 'Cheryl Lambert', '19', '98', 'Especially responsibility space difference clear sea.');
INSERT INTO Students (student_id, name, dormitory_id, meal_plan_id, dietary_restrictions) VALUES ('55', 'Elizabeth Terry', '17', '60', NULL);
INSERT INTO Students (student_id, name, dormitory_id, meal_plan_id, dietary_restrictions) VALUES ('56', 'Ronald Ramirez', '100', '6', 'May close my believe.');
INSERT INTO Students (student_id, name, dormitory_id, meal_plan_id, dietary_restrictions) VALUES ('57', 'Peter Parker', '6', '36', NULL);
INSERT INTO Students (student_id, name, dormitory_id, meal_plan_id, dietary_restrictions) VALUES ('58', 'Christopher Miller', '10', '83', 'Cold charge after.');
INSERT INTO Students (student_id, name, dormitory_id, meal_plan_id, dietary_restrictions) VALUES ('59', 'Mr. Robert Butler MD', '94', '78', NULL);
INSERT INTO Students (student_id, name, dormitory_id, meal_plan_id, dietary_restrictions) VALUES ('60', 'Kathryn Brown', '12', '67', NULL);
INSERT INTO Students (student_id, name, dormitory_id, meal_plan_id, dietary_restrictions) VALUES ('61', 'Ashley Mclaughlin', '61', '46', NULL);
INSERT INTO Students (student_id, name, dormitory_id, meal_plan_id, dietary_restrictions) VALUES ('62', 'Brady Castillo', '90', '24', NULL);
INSERT INTO Students (student_id, name, dormitory_id, meal_plan_id, dietary_restrictions) VALUES ('63', 'Taylor Black', '61', '100', NULL);
INSERT INTO Students (student_id, name, dormitory_id, meal_plan_id, dietary_restrictions) VALUES ('64', 'Stephen Rose', '90', '59', NULL);
INSERT INTO Students (student_id, name, dormitory_id, meal_plan_id, dietary_restrictions) VALUES ('65', 'Shannon Perez', '15', '37', 'Industry evidence society try employee anything figure.');
INSERT INTO Students (student_id, name, dormitory_id, meal_plan_id, dietary_restrictions) VALUES ('66', 'Colton Cross', '33', '92', NULL);
INSERT INTO Students (student_id, name, dormitory_id, meal_plan_id, dietary_restrictions) VALUES ('67', 'Zachary Wheeler', '29', '74', 'Project food thank reach consider.');
INSERT INTO Students (student_id, name, dormitory_id, meal_plan_id, dietary_restrictions) VALUES ('68', 'Michelle Miller', '24', '36', 'Thank now establish year majority guess condition.');
INSERT INTO Students (student_id, name, dormitory_id, meal_plan_id, dietary_restrictions) VALUES ('69', 'David Ball', '3', '69', NULL);
INSERT INTO Students (student_id, name, dormitory_id, meal_plan_id, dietary_restrictions) VALUES ('70', 'Jaime Myers', '83', '63', NULL);
INSERT INTO Students (student_id, name, dormitory_id, meal_plan_id, dietary_restrictions) VALUES ('71', 'Mr. Brent Cooper', '18', '54', NULL);
INSERT INTO Students (student_id, name, dormitory_id, meal_plan_id, dietary_restrictions) VALUES ('72', 'Richard Gonzalez', '79', '66', NULL);
INSERT INTO Students (student_id, name, dormitory_id, meal_plan_id, dietary_restrictions) VALUES ('73', 'Anthony Hamilton', '82', '95', NULL);
INSERT INTO Students (student_id, name, dormitory_id, meal_plan_id, dietary_restrictions) VALUES ('74', 'Evelyn Smith', '26', '45', 'Letter glass eat success analysis special American.');
INSERT INTO Students (student_id, name, dormitory_id, meal_plan_id, dietary_restrictions) VALUES ('75', 'Olivia Dunn', '79', '41', NULL);
INSERT INTO Students (student_id, name, dormitory_id, meal_plan_id, dietary_restrictions) VALUES ('76', 'James White', '1', '81', NULL);
INSERT INTO Students (student_id, name, dormitory_id, meal_plan_id, dietary_restrictions) VALUES ('77', 'Kimberly Williams', '61', '97', 'Grow apply decade chance develop dark customer.');
INSERT INTO Students (student_id, name, dormitory_id, meal_plan_id, dietary_restrictions) VALUES ('78', 'Tanya Ellison', '32', '90', NULL);
INSERT INTO Students (student_id, name, dormitory_id, meal_plan_id, dietary_restrictions) VALUES ('79', 'Anne Smith', '91', '18', NULL);
INSERT INTO Students (student_id, name, dormitory_id, meal_plan_id, dietary_restrictions) VALUES ('80', 'Jon Saunders', '86', '35', 'Need despite player manager next tonight water animal.');
INSERT INTO Students (student_id, name, dormitory_id, meal_plan_id, dietary_restrictions) VALUES ('81', 'Peter Phelps', '2', '82', NULL);
INSERT INTO Students (student_id, name, dormitory_id, meal_plan_id, dietary_restrictions) VALUES ('82', 'Jesse Perkins', '99', '58', 'Necessary board sea collection listen however.');
INSERT INTO Students (student_id, name, dormitory_id, meal_plan_id, dietary_restrictions) VALUES ('83', 'Jacob Ray', '24', '65', NULL);
INSERT INTO Students (student_id, name, dormitory_id, meal_plan_id, dietary_restrictions) VALUES ('84', 'Mark Carey', '53', '33', NULL);
INSERT INTO Students (student_id, name, dormitory_id, meal_plan_id, dietary_restrictions) VALUES ('85', 'Kristine Leblanc', '40', '50', 'Seek and result the also.');
INSERT INTO Students (student_id, name, dormitory_id, meal_plan_id, dietary_restrictions) VALUES ('86', 'Carolyn Drake', '3', '75', NULL);
INSERT INTO Students (student_id, name, dormitory_id, meal_plan_id, dietary_restrictions) VALUES ('87', 'Jonathan Cross', '11', '77', 'Prepare choice end.');
INSERT INTO Students (student_id, name, dormitory_id, meal_plan_id, dietary_restrictions) VALUES ('88', 'Matthew Bowman', '21', '45', NULL);
INSERT INTO Students (student_id, name, dormitory_id, meal_plan_id, dietary_restrictions) VALUES ('89', 'Debbie Ingram', '36', '45', NULL);
INSERT INTO Students (student_id, name, dormitory_id, meal_plan_id, dietary_restrictions) VALUES ('90', 'Laura Hernandez', '75', '33', NULL);
INSERT INTO Students (student_id, name, dormitory_id, meal_plan_id, dietary_restrictions) VALUES ('91', 'Tracey Parrish', '29', '56', 'Writer near outside traditional bar like.');
INSERT INTO Students (student_id, name, dormitory_id, meal_plan_id, dietary_restrictions) VALUES ('92', 'Henry Lopez', '40', '68', NULL);
INSERT INTO Students (student_id, name, dormitory_id, meal_plan_id, dietary_restrictions) VALUES ('93', 'Amanda Mcdonald', '61', '42', 'Ever end PM their tax pattern car find.');
INSERT INTO Students (student_id, name, dormitory_id, meal_plan_id, dietary_restrictions) VALUES ('94', 'Amanda Collins', '27', '38', 'Time often fly exactly end fine.');
INSERT INTO Students (student_id, name, dormitory_id, meal_plan_id, dietary_restrictions) VALUES ('95', 'Nicole Kent', '44', '15', 'Spend thing world democratic discuss still nearly.');
INSERT INTO Students (student_id, name, dormitory_id, meal_plan_id, dietary_restrictions) VALUES ('96', 'Clifford Nguyen', '1', '68', NULL);
INSERT INTO Students (student_id, name, dormitory_id, meal_plan_id, dietary_restrictions) VALUES ('97', 'Logan Carroll MD', '86', '8', NULL);
INSERT INTO Students (student_id, name, dormitory_id, meal_plan_id, dietary_restrictions) VALUES ('98', 'Jeremy May', '11', '66', 'Necessary wife rich eat feeling.');
INSERT INTO Students (student_id, name, dormitory_id, meal_plan_id, dietary_restrictions) VALUES ('99', 'Kendra Buck', '5', '59', 'Arm author responsibility game threat event.');
INSERT INTO Students (student_id, name, dormitory_id, meal_plan_id, dietary_restrictions) VALUES ('100', 'Casey Morales', '38', '86', 'Film push challenge speech my.');
INSERT INTO FoodSuppliers (supplier_id, name, contact_info, food_items_supplied) VALUES ('1', 'Adams Inc', '987.368.6237', 'Must continue yourself total loss system.');
INSERT INTO FoodSuppliers (supplier_id, name, contact_info, food_items_supplied) VALUES ('2', 'Ewing, Vargas and Garza', '(804)200-5486', 'Station best say poor wear radio nice fly.');
INSERT INTO FoodSuppliers (supplier_id, name, contact_info, food_items_supplied) VALUES ('3', 'Rodriguez-Miller', '+1-491-877-7352x41574', 'Why federal conference budget home.');
INSERT INTO FoodSuppliers (supplier_id, name, contact_info, food_items_supplied) VALUES ('4', 'Hughes, Wise and Cooper', '697.567.8166x43432', 'Game benefit great push experience occur.');
INSERT INTO FoodSuppliers (supplier_id, name, contact_info, food_items_supplied) VALUES ('5', 'Thomas Ltd', '621-945-3600', 'More voice necessary air party.');
INSERT INTO FoodSuppliers (supplier_id, name, contact_info, food_items_supplied) VALUES ('6', 'Morris PLC', '472-764-3612x26599', 'Prove environmental want interesting.');
INSERT INTO FoodSuppliers (supplier_id, name, contact_info, food_items_supplied) VALUES ('7', 'Stafford, Taylor and Summers', '739.222.3922x38279', 'Four including catch head.');
INSERT INTO FoodSuppliers (supplier_id, name, contact_info, food_items_supplied) VALUES ('8', 'Woodard Inc', '789-252-2001x531', 'Main film final piece never box.');
INSERT INTO FoodSuppliers (supplier_id, name, contact_info, food_items_supplied) VALUES ('9', 'Murphy, Johnston and Rasmussen', '(338)254-8621x09469', 'Agency head quality just vote night cup.');
INSERT INTO FoodSuppliers (supplier_id, name, contact_info, food_items_supplied) VALUES ('10', 'Atkinson LLC', '(356)675-5014x582', 'Table owner watch recently support.');
INSERT INTO FoodSuppliers (supplier_id, name, contact_info, food_items_supplied) VALUES ('11', 'Khan, Steele and Garcia', '(486)900-2743x122', 'Let race special southern learn.');
INSERT INTO FoodSuppliers (supplier_id, name, contact_info, food_items_supplied) VALUES ('12', 'Thompson LLC', '4705110035', 'New yet raise long answer.');
INSERT INTO FoodSuppliers (supplier_id, name, contact_info, food_items_supplied) VALUES ('13', 'Waters, Mays and Frye', '(707)384-6572x367', 'More purpose food among movie.');
INSERT INTO FoodSuppliers (supplier_id, name, contact_info, food_items_supplied) VALUES ('14', 'Santos, Wallace and Bond', '001-911-414-5915', 'Occur someone wonder factor share school realize.');
INSERT INTO FoodSuppliers (supplier_id, name, contact_info, food_items_supplied) VALUES ('15', 'Delacruz-Fernandez', '738.215.6990x2445', 'Him computer fire arrive area business discuss couple.');
INSERT INTO FoodSuppliers (supplier_id, name, contact_info, food_items_supplied) VALUES ('16', 'Tucker and Sons', '+1-223-567-4342x3327', 'Skill most across.');
INSERT INTO FoodSuppliers (supplier_id, name, contact_info, food_items_supplied) VALUES ('17', 'Frank PLC', '+1-551-368-5662', 'At join agency.');
INSERT INTO FoodSuppliers (supplier_id, name, contact_info, food_items_supplied) VALUES ('18', 'Meyer LLC', '444-868-8129x3003', 'Stop tonight job which agent.');
INSERT INTO FoodSuppliers (supplier_id, name, contact_info, food_items_supplied) VALUES ('19', 'Hurley PLC', '213-398-1959x49430', 'Space throw do school everything free.');
INSERT INTO FoodSuppliers (supplier_id, name, contact_info, food_items_supplied) VALUES ('20', 'Fisher-Lee', '+1-986-535-7184', 'Mission so newspaper international.');
INSERT INTO FoodSuppliers (supplier_id, name, contact_info, food_items_supplied) VALUES ('21', 'Medina-Hardy', '(944)824-7762', 'Must return house thought experience security common.');
INSERT INTO FoodSuppliers (supplier_id, name, contact_info, food_items_supplied) VALUES ('22', 'Jones, Dixon and Hoover', '350-688-9212x4851', 'Follow half say nice.');
INSERT INTO FoodSuppliers (supplier_id, name, contact_info, food_items_supplied) VALUES ('23', 'Turner, Carney and Henson', '+1-651-333-7372', 'Camera hope capital memory ability often difference.');
INSERT INTO FoodSuppliers (supplier_id, name, contact_info, food_items_supplied) VALUES ('24', 'Green, Simmons and Smith', '+1-274-852-5089', 'Fall still themselves light few.');
INSERT INTO FoodSuppliers (supplier_id, name, contact_info, food_items_supplied) VALUES ('25', 'Nielsen PLC', '(615)844-1473x46601', 'Politics allow sit us place.');
INSERT INTO FoodSuppliers (supplier_id, name, contact_info, food_items_supplied) VALUES ('26', 'Matthews-Henderson', '+1-496-606-4284', 'Fast wish wife long action by song newspaper.');
INSERT INTO FoodSuppliers (supplier_id, name, contact_info, food_items_supplied) VALUES ('27', 'Peterson Group', '364-851-7506', 'Many war opportunity individual shoulder major record.');
INSERT INTO FoodSuppliers (supplier_id, name, contact_info, food_items_supplied) VALUES ('28', 'Wong, Wright and Mckinney', '246-282-8675x946', 'Son trouble administration debate.');
INSERT INTO FoodSuppliers (supplier_id, name, contact_info, food_items_supplied) VALUES ('29', 'White, Flores and Nelson', '001-671-587-3767x01923', 'Manage teacher every style seat year up.');
INSERT INTO FoodSuppliers (supplier_id, name, contact_info, food_items_supplied) VALUES ('30', 'Collins, Trevino and Anderson', '(985)982-6105', 'Single professional dream contain.');
INSERT INTO FoodSuppliers (supplier_id, name, contact_info, food_items_supplied) VALUES ('31', 'Coleman-Crawford', '(426)804-7581', 'Instead card indeed.');
INSERT INTO FoodSuppliers (supplier_id, name, contact_info, food_items_supplied) VALUES ('32', 'Dennis, Ponce and Rivera', '894-962-1493', 'Change require civil.');
INSERT INTO FoodSuppliers (supplier_id, name, contact_info, food_items_supplied) VALUES ('33', 'Jackson Inc', '001-355-214-7742x594', 'Not impact I budget not along.');
INSERT INTO FoodSuppliers (supplier_id, name, contact_info, food_items_supplied) VALUES ('34', 'Berry Ltd', '445-674-9490', 'Street thus truth.');
INSERT INTO FoodSuppliers (supplier_id, name, contact_info, food_items_supplied) VALUES ('35', 'Orr PLC', '(896)448-9332', 'Compare growth prepare environment piece once.');
INSERT INTO FoodSuppliers (supplier_id, name, contact_info, food_items_supplied) VALUES ('36', 'Marshall, Jacobs and Dunn', '234-500-7586x02601', 'New war single technology few business record.');
INSERT INTO FoodSuppliers (supplier_id, name, contact_info, food_items_supplied) VALUES ('37', 'Cooper PLC', '(983)558-2823x08172', 'He program treat can she real.');
INSERT INTO FoodSuppliers (supplier_id, name, contact_info, food_items_supplied) VALUES ('38', 'Williamson Ltd', '(480)624-5370x39736', 'Test class fear interesting area chair chance.');
INSERT INTO FoodSuppliers (supplier_id, name, contact_info, food_items_supplied) VALUES ('39', 'Evans, Owens and Johnson', '001-286-703-3133x454', 'Bad thus face station.');
INSERT INTO FoodSuppliers (supplier_id, name, contact_info, food_items_supplied) VALUES ('40', 'Murphy-Hays', '001-418-426-4828x3640', 'Final similar need population.');
INSERT INTO FoodSuppliers (supplier_id, name, contact_info, food_items_supplied) VALUES ('41', 'Adams and Sons', '230-221-5367x205', 'Cell station own onto.');
INSERT INTO FoodSuppliers (supplier_id, name, contact_info, food_items_supplied) VALUES ('42', 'Mathis-Stewart', '686.586.1742x410', 'Six later around check experience improve heart.');
INSERT INTO FoodSuppliers (supplier_id, name, contact_info, food_items_supplied) VALUES ('43', 'Evans Ltd', '+1-624-458-9491x36789', 'Black human senior.');
INSERT INTO FoodSuppliers (supplier_id, name, contact_info, food_items_supplied) VALUES ('44', 'Cortez Inc', '(758)548-1985', 'Interesting top worry ground voice single clearly benefit.');
INSERT INTO FoodSuppliers (supplier_id, name, contact_info, food_items_supplied) VALUES ('45', 'Donovan-Harvey', '+1-624-648-6757x000', 'Read these week lay first mention car.');
INSERT INTO FoodSuppliers (supplier_id, name, contact_info, food_items_supplied) VALUES ('46', 'Brown-Jackson', '873-570-5754', 'Ok authority wonder run exactly beyond.');
INSERT INTO FoodSuppliers (supplier_id, name, contact_info, food_items_supplied) VALUES ('47', 'Harrison Inc', '699.952.1679', 'Company space space.');
INSERT INTO FoodSuppliers (supplier_id, name, contact_info, food_items_supplied) VALUES ('48', 'Hayes LLC', '959.664.7252x641', 'Yes million program decision tough bank important.');
INSERT INTO FoodSuppliers (supplier_id, name, contact_info, food_items_supplied) VALUES ('49', 'Little, Garcia and Ruiz', '(907)718-2206', 'Job state industry main model right.');
INSERT INTO FoodSuppliers (supplier_id, name, contact_info, food_items_supplied) VALUES ('50', 'Bass PLC', '908.776.1159', 'Social first others hit evidence form especially.');
INSERT INTO FoodSuppliers (supplier_id, name, contact_info, food_items_supplied) VALUES ('51', 'Martinez PLC', '536-746-6677x890', 'Tell tax charge director hundred.');
INSERT INTO FoodSuppliers (supplier_id, name, contact_info, food_items_supplied) VALUES ('52', 'Hanson-Riley', '455-872-9554x764', 'Also research middle grow store leave light.');
INSERT INTO FoodSuppliers (supplier_id, name, contact_info, food_items_supplied) VALUES ('53', 'Ward, Freeman and Henry', '+1-540-641-5514x915', 'Air chance ready area.');
INSERT INTO FoodSuppliers (supplier_id, name, contact_info, food_items_supplied) VALUES ('54', 'Hogan and Sons', '+1-225-508-1642x119', 'Notice interesting general officer answer.');
INSERT INTO FoodSuppliers (supplier_id, name, contact_info, food_items_supplied) VALUES ('55', 'Scott, Miranda and Bradley', '867-663-5464x913', 'Left water few.');
INSERT INTO FoodSuppliers (supplier_id, name, contact_info, food_items_supplied) VALUES ('56', 'Barker LLC', '545.344.4044x4296', 'Training agent teach start popular world turn.');
INSERT INTO FoodSuppliers (supplier_id, name, contact_info, food_items_supplied) VALUES ('57', 'Bailey-Perez', '288-566-1643x5368', 'Decision bill official floor issue.');
INSERT INTO FoodSuppliers (supplier_id, name, contact_info, food_items_supplied) VALUES ('58', 'Cooley LLC', '646-220-9089', 'Fill arrive defense follow.');
INSERT INTO FoodSuppliers (supplier_id, name, contact_info, food_items_supplied) VALUES ('59', 'Washington, Casey and Johnson', '795.983.3575x495', 'Available town that build case.');
INSERT INTO FoodSuppliers (supplier_id, name, contact_info, food_items_supplied) VALUES ('60', 'Wagner Inc', '6393564160', 'Economy consider nature already affect.');
INSERT INTO FoodSuppliers (supplier_id, name, contact_info, food_items_supplied) VALUES ('61', 'Curtis-Adams', '+1-948-892-3068x485', 'Real bag simply light.');
INSERT INTO FoodSuppliers (supplier_id, name, contact_info, food_items_supplied) VALUES ('62', 'Thomas LLC', '371.588.6071', 'Office lot make exist summer.');
INSERT INTO FoodSuppliers (supplier_id, name, contact_info, food_items_supplied) VALUES ('63', 'Simmons-Patterson', '475-446-8205x938', 'Those might between garden.');
INSERT INTO FoodSuppliers (supplier_id, name, contact_info, food_items_supplied) VALUES ('64', 'Hansen-White', '730-983-4768', 'Town dream perhaps enjoy ball.');
INSERT INTO FoodSuppliers (supplier_id, name, contact_info, food_items_supplied) VALUES ('65', 'Young-Edwards', '001-522-776-1087x17699', 'Rock relate field authority exist hour.');
INSERT INTO FoodSuppliers (supplier_id, name, contact_info, food_items_supplied) VALUES ('66', 'Beck-Fields', '+1-651-846-1383', 'The need million base begin major door.');
INSERT INTO FoodSuppliers (supplier_id, name, contact_info, food_items_supplied) VALUES ('67', 'Turner-Hardy', '001-445-940-2220x8688', 'Popular over become trip worker site animal.');
INSERT INTO FoodSuppliers (supplier_id, name, contact_info, food_items_supplied) VALUES ('68', 'Wade LLC', '354.878.9386', 'Work weight specific very.');
INSERT INTO FoodSuppliers (supplier_id, name, contact_info, food_items_supplied) VALUES ('69', 'Mooney-Watson', '946-772-7397x7116', 'Off indeed he.');
INSERT INTO FoodSuppliers (supplier_id, name, contact_info, food_items_supplied) VALUES ('70', 'Valenzuela-Arias', '+1-672-521-9667x642', 'Upon fact fine contain.');
INSERT INTO FoodSuppliers (supplier_id, name, contact_info, food_items_supplied) VALUES ('71', 'Ford, Cunningham and Delgado', '535-542-3625', 'Cause common daughter war.');
INSERT INTO FoodSuppliers (supplier_id, name, contact_info, food_items_supplied) VALUES ('72', 'Reese LLC', '7278754340', 'Weight anyone training where court consider site.');
INSERT INTO FoodSuppliers (supplier_id, name, contact_info, food_items_supplied) VALUES ('73', 'Villegas, Garcia and Wilcox', '001-228-972-4149', 'Sometimes rise wind check.');
INSERT INTO FoodSuppliers (supplier_id, name, contact_info, food_items_supplied) VALUES ('74', 'Boyd, Wilson and Reyes', '(291)243-8977', 'Son forward this term race.');
INSERT INTO FoodSuppliers (supplier_id, name, contact_info, food_items_supplied) VALUES ('75', 'Williams Group', '+1-531-356-6386x431', 'Position data Democrat eat common less.');
INSERT INTO FoodSuppliers (supplier_id, name, contact_info, food_items_supplied) VALUES ('76', 'Mckinney Group', '(675)694-5536x493', 'Big I Congress entire meet loss camera.');
INSERT INTO FoodSuppliers (supplier_id, name, contact_info, food_items_supplied) VALUES ('77', 'Collier, Frye and Salazar', '+1-489-827-9054x75591', 'Able free enter audience play.');
INSERT INTO FoodSuppliers (supplier_id, name, contact_info, food_items_supplied) VALUES ('78', 'Colon-Marshall', '2956972581', 'Large a democratic save ball.');
INSERT INTO FoodSuppliers (supplier_id, name, contact_info, food_items_supplied) VALUES ('79', 'Cherry LLC', '720-339-5958x2523', 'Executive sport sell major film try.');
INSERT INTO FoodSuppliers (supplier_id, name, contact_info, food_items_supplied) VALUES ('80', 'Jimenez, Hunter and Mclaughlin', '(872)802-6000x594', 'Natural base cup group economic until.');
INSERT INTO FoodSuppliers (supplier_id, name, contact_info, food_items_supplied) VALUES ('81', 'Lowery-Weeks', '(955)957-1553x416', 'Although method couple often her purpose term.');
INSERT INTO FoodSuppliers (supplier_id, name, contact_info, food_items_supplied) VALUES ('82', 'Martinez, Castro and Raymond', '(636)932-6676x116', 'Lead medical night doctor.');
INSERT INTO FoodSuppliers (supplier_id, name, contact_info, food_items_supplied) VALUES ('83', 'Mueller Ltd', '367-989-8861x02557', 'Movie work head film end.');
INSERT INTO FoodSuppliers (supplier_id, name, contact_info, food_items_supplied) VALUES ('84', 'Steele-Perez', '(261)973-5380', 'Management your child eight capital technology upon.');
INSERT INTO FoodSuppliers (supplier_id, name, contact_info, food_items_supplied) VALUES ('85', 'Fischer-Watson', '(571)865-0994', 'Me which feeling least.');
INSERT INTO FoodSuppliers (supplier_id, name, contact_info, food_items_supplied) VALUES ('86', 'Ellis Group', '(203)477-2550x273', 'Hand almost cell paper buy trouble movement.');
INSERT INTO FoodSuppliers (supplier_id, name, contact_info, food_items_supplied) VALUES ('87', 'Cameron-Miller', '(243)637-6074x66160', 'Work mind even director part pattern.');
INSERT INTO FoodSuppliers (supplier_id, name, contact_info, food_items_supplied) VALUES ('88', 'Shields-Stevens', '766.555.7375x302', 'Edge role door.');
INSERT INTO FoodSuppliers (supplier_id, name, contact_info, food_items_supplied) VALUES ('89', 'Gomez-Banks', '209.826.3218x190', 'The after why past kind player president.');
INSERT INTO FoodSuppliers (supplier_id, name, contact_info, food_items_supplied) VALUES ('90', 'Mullen-Martinez', '208-971-5207', 'Recognize check rule half argue wind do.');
INSERT INTO FoodSuppliers (supplier_id, name, contact_info, food_items_supplied) VALUES ('91', 'Mcdonald Group', '001-368-437-5670x2029', 'Help break amount.');
INSERT INTO FoodSuppliers (supplier_id, name, contact_info, food_items_supplied) VALUES ('92', 'Simmons LLC', '905.306.2372x6800', 'Minute religious student window despite per five.');
INSERT INTO FoodSuppliers (supplier_id, name, contact_info, food_items_supplied) VALUES ('93', 'Reyes Ltd', '(850)985-2351', 'Political agreement Republican go.');
INSERT INTO FoodSuppliers (supplier_id, name, contact_info, food_items_supplied) VALUES ('94', 'Mason, Williamson and Bernard', '001-513-581-9961x028', 'Call pick rich throughout not.');
INSERT INTO FoodSuppliers (supplier_id, name, contact_info, food_items_supplied) VALUES ('95', 'Wood PLC', '(240)908-0870', 'Today south woman away throw certainly.');
INSERT INTO FoodSuppliers (supplier_id, name, contact_info, food_items_supplied) VALUES ('96', 'Howard-Chandler', '605-289-2483x6470', 'Indeed place across lead report share energy military.');
INSERT INTO FoodSuppliers (supplier_id, name, contact_info, food_items_supplied) VALUES ('97', 'Green Group', '311-849-0732x5182', 'Bar mother four structure occur have.');
INSERT INTO FoodSuppliers (supplier_id, name, contact_info, food_items_supplied) VALUES ('98', 'Vargas PLC', '784.667.6790x756', 'Agreement road space image say wait.');
INSERT INTO FoodSuppliers (supplier_id, name, contact_info, food_items_supplied) VALUES ('99', 'Patel, Sutton and Arellano', '001-789-650-7041', 'Tonight front tax cell memory.');
INSERT INTO FoodSuppliers (supplier_id, name, contact_info, food_items_supplied) VALUES ('100', 'Zavala, Strickland and Cunningham', '+1-473-605-6401x47687', 'Dream reason enough draw national.');
INSERT INTO Inventory (inventory_id, food_item, quantity, expiration_date, supplier_id, dining_hall_id) VALUES ('1', 'weight', '455', '2026-05-26', '52', '8');
INSERT INTO Inventory (inventory_id, food_item, quantity, expiration_date, supplier_id, dining_hall_id) VALUES ('2', 'often', '496', '2027-02-15', '49', '69');
INSERT INTO Inventory (inventory_id, food_item, quantity, expiration_date, supplier_id, dining_hall_id) VALUES ('3', 'subject', '99', '2025-04-18', '75', '84');
INSERT INTO Inventory (inventory_id, food_item, quantity, expiration_date, supplier_id, dining_hall_id) VALUES ('4', 'now', '65', '2026-08-15', '23', '67');
INSERT INTO Inventory (inventory_id, food_item, quantity, expiration_date, supplier_id, dining_hall_id) VALUES ('5', 'draw', '125', '2025-05-29', '78', '16');
INSERT INTO Inventory (inventory_id, food_item, quantity, expiration_date, supplier_id, dining_hall_id) VALUES ('6', 'discuss', '107', '2025-07-07', '56', '10');
INSERT INTO Inventory (inventory_id, food_item, quantity, expiration_date, supplier_id, dining_hall_id) VALUES ('7', 'ask', '282', '2026-04-16', '3', '93');
INSERT INTO Inventory (inventory_id, food_item, quantity, expiration_date, supplier_id, dining_hall_id) VALUES ('8', 'computer', '44', '2025-08-10', '14', '68');
INSERT INTO Inventory (inventory_id, food_item, quantity, expiration_date, supplier_id, dining_hall_id) VALUES ('9', 'police', '86', '2025-10-12', '26', '77');
INSERT INTO Inventory (inventory_id, food_item, quantity, expiration_date, supplier_id, dining_hall_id) VALUES ('10', 'on', '182', '2025-11-13', '68', '83');
INSERT INTO Inventory (inventory_id, food_item, quantity, expiration_date, supplier_id, dining_hall_id) VALUES ('11', 'tonight', '15', '2025-10-20', '87', '9');
INSERT INTO Inventory (inventory_id, food_item, quantity, expiration_date, supplier_id, dining_hall_id) VALUES ('12', 'outside', '217', '2025-04-21', '80', '39');
INSERT INTO Inventory (inventory_id, food_item, quantity, expiration_date, supplier_id, dining_hall_id) VALUES ('13', 'remember', '149', '2026-01-19', '81', '10');
INSERT INTO Inventory (inventory_id, food_item, quantity, expiration_date, supplier_id, dining_hall_id) VALUES ('14', 'wish', '120', '2025-12-30', '70', '74');
INSERT INTO Inventory (inventory_id, food_item, quantity, expiration_date, supplier_id, dining_hall_id) VALUES ('15', 'mother', '450', '2026-11-05', '81', '52');
INSERT INTO Inventory (inventory_id, food_item, quantity, expiration_date, supplier_id, dining_hall_id) VALUES ('16', 'also', '354', '2027-01-24', '1', '18');
INSERT INTO Inventory (inventory_id, food_item, quantity, expiration_date, supplier_id, dining_hall_id) VALUES ('17', 'send', '362', '2026-11-03', '52', '83');
INSERT INTO Inventory (inventory_id, food_item, quantity, expiration_date, supplier_id, dining_hall_id) VALUES ('18', 'development', '444', '2025-05-21', '36', '92');
INSERT INTO Inventory (inventory_id, food_item, quantity, expiration_date, supplier_id, dining_hall_id) VALUES ('19', 'blue', '225', '2025-07-16', '52', '6');
INSERT INTO Inventory (inventory_id, food_item, quantity, expiration_date, supplier_id, dining_hall_id) VALUES ('20', 'our', '98', '2025-02-21', '37', '17');
INSERT INTO Inventory (inventory_id, food_item, quantity, expiration_date, supplier_id, dining_hall_id) VALUES ('21', 'occur', '33', '2026-09-17', '40', '95');
INSERT INTO Inventory (inventory_id, food_item, quantity, expiration_date, supplier_id, dining_hall_id) VALUES ('22', 'determine', '490', '2025-11-25', '84', '100');
INSERT INTO Inventory (inventory_id, food_item, quantity, expiration_date, supplier_id, dining_hall_id) VALUES ('23', 'reduce', '446', '2026-01-16', '88', '93');
INSERT INTO Inventory (inventory_id, food_item, quantity, expiration_date, supplier_id, dining_hall_id) VALUES ('24', 'our', '424', '2026-07-20', '53', '77');
INSERT INTO Inventory (inventory_id, food_item, quantity, expiration_date, supplier_id, dining_hall_id) VALUES ('25', 'eye', '366', '2026-06-18', '9', '95');
INSERT INTO Inventory (inventory_id, food_item, quantity, expiration_date, supplier_id, dining_hall_id) VALUES ('26', 'family', '94', '2025-10-10', '41', '19');
INSERT INTO Inventory (inventory_id, food_item, quantity, expiration_date, supplier_id, dining_hall_id) VALUES ('27', 'strategy', '24', '2026-05-24', '17', '37');
INSERT INTO Inventory (inventory_id, food_item, quantity, expiration_date, supplier_id, dining_hall_id) VALUES ('28', 'democratic', '257', '2025-03-01', '57', '44');
INSERT INTO Inventory (inventory_id, food_item, quantity, expiration_date, supplier_id, dining_hall_id) VALUES ('29', 'individual', '56', '2025-09-15', '94', '59');
INSERT INTO Inventory (inventory_id, food_item, quantity, expiration_date, supplier_id, dining_hall_id) VALUES ('30', 'perform', '223', '2025-04-14', '31', '75');
INSERT INTO Inventory (inventory_id, food_item, quantity, expiration_date, supplier_id, dining_hall_id) VALUES ('31', 'friend', '485', '2027-01-19', '94', '94');
INSERT INTO Inventory (inventory_id, food_item, quantity, expiration_date, supplier_id, dining_hall_id) VALUES ('32', 'black', '490', '2025-03-02', '62', '52');
INSERT INTO Inventory (inventory_id, food_item, quantity, expiration_date, supplier_id, dining_hall_id) VALUES ('33', 'put', '278', '2025-09-05', '13', '31');
INSERT INTO Inventory (inventory_id, food_item, quantity, expiration_date, supplier_id, dining_hall_id) VALUES ('34', 'camera', '323', '2025-05-23', '47', '74');
INSERT INTO Inventory (inventory_id, food_item, quantity, expiration_date, supplier_id, dining_hall_id) VALUES ('35', 'a', '284', '2026-01-04', '20', '81');
INSERT INTO Inventory (inventory_id, food_item, quantity, expiration_date, supplier_id, dining_hall_id) VALUES ('36', 'minute', '298', '2025-08-14', '71', '86');
INSERT INTO Inventory (inventory_id, food_item, quantity, expiration_date, supplier_id, dining_hall_id) VALUES ('37', 'require', '243', '2026-05-13', '18', '27');
INSERT INTO Inventory (inventory_id, food_item, quantity, expiration_date, supplier_id, dining_hall_id) VALUES ('38', 'door', '189', '2026-09-03', '95', '89');
INSERT INTO Inventory (inventory_id, food_item, quantity, expiration_date, supplier_id, dining_hall_id) VALUES ('39', 'little', '346', '2026-06-22', '48', '54');
INSERT INTO Inventory (inventory_id, food_item, quantity, expiration_date, supplier_id, dining_hall_id) VALUES ('40', 'rule', '232', '2026-12-13', '29', '21');
INSERT INTO Inventory (inventory_id, food_item, quantity, expiration_date, supplier_id, dining_hall_id) VALUES ('41', 'just', '194', '2025-03-12', '48', '12');
INSERT INTO Inventory (inventory_id, food_item, quantity, expiration_date, supplier_id, dining_hall_id) VALUES ('42', 'successful', '321', '2026-01-07', '1', '10');
INSERT INTO Inventory (inventory_id, food_item, quantity, expiration_date, supplier_id, dining_hall_id) VALUES ('43', 'score', '164', '2026-12-02', '81', '84');
INSERT INTO Inventory (inventory_id, food_item, quantity, expiration_date, supplier_id, dining_hall_id) VALUES ('44', 'maybe', '445', '2027-02-01', '97', '55');
INSERT INTO Inventory (inventory_id, food_item, quantity, expiration_date, supplier_id, dining_hall_id) VALUES ('45', 'while', '191', '2025-08-22', '76', '46');
INSERT INTO Inventory (inventory_id, food_item, quantity, expiration_date, supplier_id, dining_hall_id) VALUES ('46', 'national', '487', '2026-09-24', '74', '56');
INSERT INTO Inventory (inventory_id, food_item, quantity, expiration_date, supplier_id, dining_hall_id) VALUES ('47', 'enter', '246', '2026-03-06', '92', '82');
INSERT INTO Inventory (inventory_id, food_item, quantity, expiration_date, supplier_id, dining_hall_id) VALUES ('48', 'style', '175', '2025-04-22', '17', '76');
INSERT INTO Inventory (inventory_id, food_item, quantity, expiration_date, supplier_id, dining_hall_id) VALUES ('49', 'ten', '213', '2027-01-15', '54', '80');
INSERT INTO Inventory (inventory_id, food_item, quantity, expiration_date, supplier_id, dining_hall_id) VALUES ('50', 'push', '207', '2026-11-30', '7', '85');
INSERT INTO Inventory (inventory_id, food_item, quantity, expiration_date, supplier_id, dining_hall_id) VALUES ('51', 'language', '117', '2025-08-20', '38', '7');
INSERT INTO Inventory (inventory_id, food_item, quantity, expiration_date, supplier_id, dining_hall_id) VALUES ('52', 'agent', '483', '2025-04-04', '7', '62');
INSERT INTO Inventory (inventory_id, food_item, quantity, expiration_date, supplier_id, dining_hall_id) VALUES ('53', 'support', '93', '2026-02-25', '59', '8');
INSERT INTO Inventory (inventory_id, food_item, quantity, expiration_date, supplier_id, dining_hall_id) VALUES ('54', 'major', '480', '2026-10-25', '72', '56');
INSERT INTO Inventory (inventory_id, food_item, quantity, expiration_date, supplier_id, dining_hall_id) VALUES ('55', 'traditional', '231', '2026-01-01', '58', '42');
INSERT INTO Inventory (inventory_id, food_item, quantity, expiration_date, supplier_id, dining_hall_id) VALUES ('56', 'gun', '221', '2026-06-21', '25', '36');
INSERT INTO Inventory (inventory_id, food_item, quantity, expiration_date, supplier_id, dining_hall_id) VALUES ('57', 'where', '393', '2026-10-04', '34', '2');
INSERT INTO Inventory (inventory_id, food_item, quantity, expiration_date, supplier_id, dining_hall_id) VALUES ('58', 'lose', '143', '2026-12-01', '20', '69');
INSERT INTO Inventory (inventory_id, food_item, quantity, expiration_date, supplier_id, dining_hall_id) VALUES ('59', 'he', '11', '2026-03-19', '3', '1');
INSERT INTO Inventory (inventory_id, food_item, quantity, expiration_date, supplier_id, dining_hall_id) VALUES ('60', 'term', '237', '2026-03-06', '31', '60');
INSERT INTO Inventory (inventory_id, food_item, quantity, expiration_date, supplier_id, dining_hall_id) VALUES ('61', 'already', '25', '2025-07-28', '63', '86');
INSERT INTO Inventory (inventory_id, food_item, quantity, expiration_date, supplier_id, dining_hall_id) VALUES ('62', 'possible', '182', '2026-04-01', '97', '78');
INSERT INTO Inventory (inventory_id, food_item, quantity, expiration_date, supplier_id, dining_hall_id) VALUES ('63', 'possible', '369', '2025-12-21', '96', '87');
INSERT INTO Inventory (inventory_id, food_item, quantity, expiration_date, supplier_id, dining_hall_id) VALUES ('64', 'girl', '125', '2025-09-18', '61', '14');
INSERT INTO Inventory (inventory_id, food_item, quantity, expiration_date, supplier_id, dining_hall_id) VALUES ('65', 'discussion', '304', '2027-01-22', '74', '55');
INSERT INTO Inventory (inventory_id, food_item, quantity, expiration_date, supplier_id, dining_hall_id) VALUES ('66', 'hand', '225', '2026-10-10', '16', '48');
INSERT INTO Inventory (inventory_id, food_item, quantity, expiration_date, supplier_id, dining_hall_id) VALUES ('67', 'the', '293', '2025-05-30', '35', '2');
INSERT INTO Inventory (inventory_id, food_item, quantity, expiration_date, supplier_id, dining_hall_id) VALUES ('68', 'media', '139', '2026-04-17', '82', '52');
INSERT INTO Inventory (inventory_id, food_item, quantity, expiration_date, supplier_id, dining_hall_id) VALUES ('69', 'represent', '287', '2025-09-10', '79', '17');
INSERT INTO Inventory (inventory_id, food_item, quantity, expiration_date, supplier_id, dining_hall_id) VALUES ('70', 'boy', '496', '2026-04-15', '4', '47');
INSERT INTO Inventory (inventory_id, food_item, quantity, expiration_date, supplier_id, dining_hall_id) VALUES ('71', 'drug', '152', '2026-09-20', '5', '50');
INSERT INTO Inventory (inventory_id, food_item, quantity, expiration_date, supplier_id, dining_hall_id) VALUES ('72', 'rise', '104', '2026-09-15', '38', '84');
INSERT INTO Inventory (inventory_id, food_item, quantity, expiration_date, supplier_id, dining_hall_id) VALUES ('73', 'kid', '172', '2025-09-14', '98', '80');
INSERT INTO Inventory (inventory_id, food_item, quantity, expiration_date, supplier_id, dining_hall_id) VALUES ('74', 'effort', '145', '2026-06-26', '68', '18');
INSERT INTO Inventory (inventory_id, food_item, quantity, expiration_date, supplier_id, dining_hall_id) VALUES ('75', 'bed', '431', '2025-06-03', '95', '71');
INSERT INTO Inventory (inventory_id, food_item, quantity, expiration_date, supplier_id, dining_hall_id) VALUES ('76', 'culture', '442', '2027-02-04', '41', '21');
INSERT INTO Inventory (inventory_id, food_item, quantity, expiration_date, supplier_id, dining_hall_id) VALUES ('77', 'else', '66', '2026-12-01', '69', '64');
INSERT INTO Inventory (inventory_id, food_item, quantity, expiration_date, supplier_id, dining_hall_id) VALUES ('78', 'enjoy', '108', '2025-05-30', '33', '61');
INSERT INTO Inventory (inventory_id, food_item, quantity, expiration_date, supplier_id, dining_hall_id) VALUES ('79', 'business', '468', '2026-09-30', '39', '62');
INSERT INTO Inventory (inventory_id, food_item, quantity, expiration_date, supplier_id, dining_hall_id) VALUES ('80', 'gun', '300', '2026-01-28', '61', '42');
INSERT INTO Inventory (inventory_id, food_item, quantity, expiration_date, supplier_id, dining_hall_id) VALUES ('81', 'at', '124', '2026-11-27', '68', '73');
INSERT INTO Inventory (inventory_id, food_item, quantity, expiration_date, supplier_id, dining_hall_id) VALUES ('82', 'remain', '52', '2027-02-09', '34', '15');
INSERT INTO Inventory (inventory_id, food_item, quantity, expiration_date, supplier_id, dining_hall_id) VALUES ('83', 'interesting', '397', '2026-07-01', '30', '65');
INSERT INTO Inventory (inventory_id, food_item, quantity, expiration_date, supplier_id, dining_hall_id) VALUES ('84', 'tend', '420', '2026-05-12', '79', '76');
INSERT INTO Inventory (inventory_id, food_item, quantity, expiration_date, supplier_id, dining_hall_id) VALUES ('85', 'research', '31', '2027-01-22', '22', '28');
INSERT INTO Inventory (inventory_id, food_item, quantity, expiration_date, supplier_id, dining_hall_id) VALUES ('86', 'off', '177', '2026-01-06', '82', '60');
INSERT INTO Inventory (inventory_id, food_item, quantity, expiration_date, supplier_id, dining_hall_id) VALUES ('87', 'center', '63', '2026-02-26', '58', '15');
INSERT INTO Inventory (inventory_id, food_item, quantity, expiration_date, supplier_id, dining_hall_id) VALUES ('88', 'cell', '173', '2026-06-21', '52', '96');
INSERT INTO Inventory (inventory_id, food_item, quantity, expiration_date, supplier_id, dining_hall_id) VALUES ('89', 'task', '242', '2025-09-15', '97', '33');
INSERT INTO Inventory (inventory_id, food_item, quantity, expiration_date, supplier_id, dining_hall_id) VALUES ('90', 'especially', '129', '2026-09-17', '9', '28');
INSERT INTO Inventory (inventory_id, food_item, quantity, expiration_date, supplier_id, dining_hall_id) VALUES ('91', 'inside', '30', '2025-12-08', '65', '58');
INSERT INTO Inventory (inventory_id, food_item, quantity, expiration_date, supplier_id, dining_hall_id) VALUES ('92', 'mission', '348', '2026-07-26', '3', '24');
INSERT INTO Inventory (inventory_id, food_item, quantity, expiration_date, supplier_id, dining_hall_id) VALUES ('93', 'science', '46', '2025-03-17', '95', '1');
INSERT INTO Inventory (inventory_id, food_item, quantity, expiration_date, supplier_id, dining_hall_id) VALUES ('94', 'finally', '224', '2026-05-30', '69', '29');
INSERT INTO Inventory (inventory_id, food_item, quantity, expiration_date, supplier_id, dining_hall_id) VALUES ('95', 'nearly', '138', '2025-08-11', '4', '85');
INSERT INTO Inventory (inventory_id, food_item, quantity, expiration_date, supplier_id, dining_hall_id) VALUES ('96', 'help', '135', '2026-07-14', '53', '26');
INSERT INTO Inventory (inventory_id, food_item, quantity, expiration_date, supplier_id, dining_hall_id) VALUES ('97', 'last', '106', '2025-11-06', '21', '76');
INSERT INTO Inventory (inventory_id, food_item, quantity, expiration_date, supplier_id, dining_hall_id) VALUES ('98', 'television', '476', '2025-11-12', '66', '12');
INSERT INTO Inventory (inventory_id, food_item, quantity, expiration_date, supplier_id, dining_hall_id) VALUES ('99', 'require', '247', '2025-03-23', '25', '59');
INSERT INTO Inventory (inventory_id, food_item, quantity, expiration_date, supplier_id, dining_hall_id) VALUES ('100', 'tell', '373', '2025-05-02', '7', '53');
INSERT INTO Staff (staff_id, name, role, assigned_dining_hall) VALUES ('1', 'Kenneth Martinez', 'Manager', '32');
INSERT INTO Staff (staff_id, name, role, assigned_dining_hall) VALUES ('2', 'Oscar Boone', 'Cleaner', '31');
INSERT INTO Staff (staff_id, name, role, assigned_dining_hall) VALUES ('3', 'Mrs. Sherry Perez MD', 'Manager', '38');
INSERT INTO Staff (staff_id, name, role, assigned_dining_hall) VALUES ('4', 'Kelly Wall', 'Chef', '50');
INSERT INTO Staff (staff_id, name, role, assigned_dining_hall) VALUES ('5', 'Angela Payne', 'Manager', '13');
INSERT INTO Staff (staff_id, name, role, assigned_dining_hall) VALUES ('6', 'Andrew Mcmahon', 'Cleaner', '47');
INSERT INTO Staff (staff_id, name, role, assigned_dining_hall) VALUES ('7', 'Jon Meyer', 'Cleaner', '86');
INSERT INTO Staff (staff_id, name, role, assigned_dining_hall) VALUES ('8', 'Alyssa Martinez', 'Cleaner', '72');
INSERT INTO Staff (staff_id, name, role, assigned_dining_hall) VALUES ('9', 'Christopher Nichols', 'Manager', '87');
INSERT INTO Staff (staff_id, name, role, assigned_dining_hall) VALUES ('10', 'Victor Good', 'Waiter', '38');
INSERT INTO Staff (staff_id, name, role, assigned_dining_hall) VALUES ('11', 'Mr. Scott Mendez', 'Cleaner', '53');
INSERT INTO Staff (staff_id, name, role, assigned_dining_hall) VALUES ('12', 'Abigail Larson', 'Chef', '79');
INSERT INTO Staff (staff_id, name, role, assigned_dining_hall) VALUES ('13', 'Lisa Fowler', 'Manager', '89');
INSERT INTO Staff (staff_id, name, role, assigned_dining_hall) VALUES ('14', 'Jared Neal', 'Manager', '4');
INSERT INTO Staff (staff_id, name, role, assigned_dining_hall) VALUES ('15', 'Brittany Travis', 'Waiter', '44');
INSERT INTO Staff (staff_id, name, role, assigned_dining_hall) VALUES ('16', 'Brent Stevenson', 'Cleaner', '96');
INSERT INTO Staff (staff_id, name, role, assigned_dining_hall) VALUES ('17', 'Fernando Knight', 'Manager', '97');
INSERT INTO Staff (staff_id, name, role, assigned_dining_hall) VALUES ('18', 'Valerie Adams', 'Manager', '16');
INSERT INTO Staff (staff_id, name, role, assigned_dining_hall) VALUES ('19', 'Timothy Smith', 'Manager', '97');
INSERT INTO Staff (staff_id, name, role, assigned_dining_hall) VALUES ('20', 'Lisa Clark', 'Cleaner', '13');
INSERT INTO Staff (staff_id, name, role, assigned_dining_hall) VALUES ('21', 'Tammy Blackwell', 'Waiter', '3');
INSERT INTO Staff (staff_id, name, role, assigned_dining_hall) VALUES ('22', 'Mark Smith', 'Chef', '10');
INSERT INTO Staff (staff_id, name, role, assigned_dining_hall) VALUES ('23', 'Thomas Lewis', 'Chef', '57');
INSERT INTO Staff (staff_id, name, role, assigned_dining_hall) VALUES ('24', 'Cory Weiss', 'Chef', '33');
INSERT INTO Staff (staff_id, name, role, assigned_dining_hall) VALUES ('25', 'Matthew Garcia', 'Waiter', '15');
INSERT INTO Staff (staff_id, name, role, assigned_dining_hall) VALUES ('26', 'Kristy Martinez', 'Manager', '6');
INSERT INTO Staff (staff_id, name, role, assigned_dining_hall) VALUES ('27', 'Victor Mcdaniel', 'Waiter', '100');
INSERT INTO Staff (staff_id, name, role, assigned_dining_hall) VALUES ('28', 'Stephanie Ryan', 'Chef', '86');
INSERT INTO Staff (staff_id, name, role, assigned_dining_hall) VALUES ('29', 'Elaine Gibson', 'Manager', '89');
INSERT INTO Staff (staff_id, name, role, assigned_dining_hall) VALUES ('30', 'Christopher Roth', 'Manager', '69');
INSERT INTO Staff (staff_id, name, role, assigned_dining_hall) VALUES ('31', 'Bonnie Ryan', 'Chef', '8');
INSERT INTO Staff (staff_id, name, role, assigned_dining_hall) VALUES ('32', 'Michael Olson', 'Manager', '36');
INSERT INTO Staff (staff_id, name, role, assigned_dining_hall) VALUES ('33', 'Justin Scott', 'Waiter', '71');
INSERT INTO Staff (staff_id, name, role, assigned_dining_hall) VALUES ('34', 'Michelle Mitchell', 'Manager', '35');
INSERT INTO Staff (staff_id, name, role, assigned_dining_hall) VALUES ('35', 'Kristin Johnson', 'Cleaner', '44');
INSERT INTO Staff (staff_id, name, role, assigned_dining_hall) VALUES ('36', 'Evan French', 'Manager', '50');
INSERT INTO Staff (staff_id, name, role, assigned_dining_hall) VALUES ('37', 'Joseph Smith', 'Chef', '45');
INSERT INTO Staff (staff_id, name, role, assigned_dining_hall) VALUES ('38', 'Natasha Douglas', 'Chef', '79');
INSERT INTO Staff (staff_id, name, role, assigned_dining_hall) VALUES ('39', 'Erika Walters', 'Manager', '38');
INSERT INTO Staff (staff_id, name, role, assigned_dining_hall) VALUES ('40', 'Mandy West', 'Chef', '67');
INSERT INTO Staff (staff_id, name, role, assigned_dining_hall) VALUES ('41', 'Tyler James', 'Cleaner', '59');
INSERT INTO Staff (staff_id, name, role, assigned_dining_hall) VALUES ('42', 'Rebecca Long', 'Waiter', '88');
INSERT INTO Staff (staff_id, name, role, assigned_dining_hall) VALUES ('43', 'Rebecca Grant', 'Manager', '41');
INSERT INTO Staff (staff_id, name, role, assigned_dining_hall) VALUES ('44', 'Adam Davis', 'Waiter', '56');
INSERT INTO Staff (staff_id, name, role, assigned_dining_hall) VALUES ('45', 'Timothy Boyd', 'Manager', '90');
INSERT INTO Staff (staff_id, name, role, assigned_dining_hall) VALUES ('46', 'Joanna Thompson', 'Chef', '12');
INSERT INTO Staff (staff_id, name, role, assigned_dining_hall) VALUES ('47', 'Mary Ramirez', 'Waiter', '26');
INSERT INTO Staff (staff_id, name, role, assigned_dining_hall) VALUES ('48', 'Darrell Williams', 'Manager', '58');
INSERT INTO Staff (staff_id, name, role, assigned_dining_hall) VALUES ('49', 'David Griffin', 'Chef', '60');
INSERT INTO Staff (staff_id, name, role, assigned_dining_hall) VALUES ('50', 'Clifford Johnson', 'Manager', '18');
INSERT INTO Staff (staff_id, name, role, assigned_dining_hall) VALUES ('51', 'Mr. Christopher Miller', 'Waiter', '31');
INSERT INTO Staff (staff_id, name, role, assigned_dining_hall) VALUES ('52', 'Rachel Michael', 'Chef', '98');
INSERT INTO Staff (staff_id, name, role, assigned_dining_hall) VALUES ('53', 'Dillon Miles', 'Manager', '38');
INSERT INTO Staff (staff_id, name, role, assigned_dining_hall) VALUES ('54', 'Michael Schmitt', 'Chef', '23');
INSERT INTO Staff (staff_id, name, role, assigned_dining_hall) VALUES ('55', 'Angelica Powell', 'Cleaner', '37');
INSERT INTO Staff (staff_id, name, role, assigned_dining_hall) VALUES ('56', 'Jennifer Davies', 'Cleaner', '65');
INSERT INTO Staff (staff_id, name, role, assigned_dining_hall) VALUES ('57', 'Madison Lawson', 'Cleaner', '80');
INSERT INTO Staff (staff_id, name, role, assigned_dining_hall) VALUES ('58', 'Gregory Wagner', 'Chef', '76');
INSERT INTO Staff (staff_id, name, role, assigned_dining_hall) VALUES ('59', 'Mary Reed', 'Cleaner', '6');
INSERT INTO Staff (staff_id, name, role, assigned_dining_hall) VALUES ('60', 'George Ramsey', 'Manager', '14');
INSERT INTO Staff (staff_id, name, role, assigned_dining_hall) VALUES ('61', 'Michael Rodriguez', 'Cleaner', '73');
INSERT INTO Staff (staff_id, name, role, assigned_dining_hall) VALUES ('62', 'Amy Walker', 'Waiter', '66');
INSERT INTO Staff (staff_id, name, role, assigned_dining_hall) VALUES ('63', 'Victoria Williams', 'Chef', '66');
INSERT INTO Staff (staff_id, name, role, assigned_dining_hall) VALUES ('64', 'Steven Thompson', 'Chef', '3');
INSERT INTO Staff (staff_id, name, role, assigned_dining_hall) VALUES ('65', 'Crystal Rogers', 'Waiter', '92');
INSERT INTO Staff (staff_id, name, role, assigned_dining_hall) VALUES ('66', 'Dr. Susan Jarvis', 'Chef', '55');
INSERT INTO Staff (staff_id, name, role, assigned_dining_hall) VALUES ('67', 'Charles Gonzalez', 'Waiter', '75');
INSERT INTO Staff (staff_id, name, role, assigned_dining_hall) VALUES ('68', 'Cynthia Martinez', 'Manager', '46');
INSERT INTO Staff (staff_id, name, role, assigned_dining_hall) VALUES ('69', 'Lisa Maddox', 'Waiter', '49');
INSERT INTO Staff (staff_id, name, role, assigned_dining_hall) VALUES ('70', 'Cynthia Lewis', 'Manager', '44');
INSERT INTO Staff (staff_id, name, role, assigned_dining_hall) VALUES ('71', 'Anna Ferguson', 'Waiter', '22');
INSERT INTO Staff (staff_id, name, role, assigned_dining_hall) VALUES ('72', 'Charles Miller DVM', 'Manager', '30');
INSERT INTO Staff (staff_id, name, role, assigned_dining_hall) VALUES ('73', 'Jenny Nguyen', 'Cleaner', '57');
INSERT INTO Staff (staff_id, name, role, assigned_dining_hall) VALUES ('74', 'Andrea Martin', 'Chef', '34');
INSERT INTO Staff (staff_id, name, role, assigned_dining_hall) VALUES ('75', 'Zachary Harding', 'Cleaner', '12');
INSERT INTO Staff (staff_id, name, role, assigned_dining_hall) VALUES ('76', 'Sharon Oliver DDS', 'Waiter', '41');
INSERT INTO Staff (staff_id, name, role, assigned_dining_hall) VALUES ('77', 'Sabrina Sanchez', 'Cleaner', '76');
INSERT INTO Staff (staff_id, name, role, assigned_dining_hall) VALUES ('78', 'Edward Franco', 'Chef', '94');
INSERT INTO Staff (staff_id, name, role, assigned_dining_hall) VALUES ('79', 'Roy Reyes', 'Manager', '40');
INSERT INTO Staff (staff_id, name, role, assigned_dining_hall) VALUES ('80', 'James Thomas', 'Chef', '68');
INSERT INTO Staff (staff_id, name, role, assigned_dining_hall) VALUES ('81', 'Thomas Moss', 'Cleaner', '83');
INSERT INTO Staff (staff_id, name, role, assigned_dining_hall) VALUES ('82', 'Mackenzie Conner', 'Cleaner', '11');
INSERT INTO Staff (staff_id, name, role, assigned_dining_hall) VALUES ('83', 'Anna Durham', 'Manager', '12');
INSERT INTO Staff (staff_id, name, role, assigned_dining_hall) VALUES ('84', 'George Mcpherson', 'Chef', '39');
INSERT INTO Staff (staff_id, name, role, assigned_dining_hall) VALUES ('85', 'Jennifer Patel', 'Manager', '23');
INSERT INTO Staff (staff_id, name, role, assigned_dining_hall) VALUES ('86', 'Mary Scott', 'Manager', '62');
INSERT INTO Staff (staff_id, name, role, assigned_dining_hall) VALUES ('87', 'Lori Porter', 'Waiter', '23');
INSERT INTO Staff (staff_id, name, role, assigned_dining_hall) VALUES ('88', 'James Hardy', 'Manager', '53');
INSERT INTO Staff (staff_id, name, role, assigned_dining_hall) VALUES ('89', 'Thomas Harrison', 'Waiter', '72');
INSERT INTO Staff (staff_id, name, role, assigned_dining_hall) VALUES ('90', 'Timothy Fields', 'Waiter', '21');
INSERT INTO Staff (staff_id, name, role, assigned_dining_hall) VALUES ('91', 'Amanda Snyder', 'Cleaner', '83');
INSERT INTO Staff (staff_id, name, role, assigned_dining_hall) VALUES ('92', 'Shane Hernandez', 'Chef', '76');
INSERT INTO Staff (staff_id, name, role, assigned_dining_hall) VALUES ('93', 'Angel Stewart', 'Manager', '18');
INSERT INTO Staff (staff_id, name, role, assigned_dining_hall) VALUES ('94', 'Clinton Allen', 'Waiter', '75');
INSERT INTO Staff (staff_id, name, role, assigned_dining_hall) VALUES ('95', 'Erica Young', 'Waiter', '13');
INSERT INTO Staff (staff_id, name, role, assigned_dining_hall) VALUES ('96', 'William Williams', 'Waiter', '61');
INSERT INTO Staff (staff_id, name, role, assigned_dining_hall) VALUES ('97', 'Nicole Nelson', 'Waiter', '59');
INSERT INTO Staff (staff_id, name, role, assigned_dining_hall) VALUES ('98', 'Vincent Peterson', 'Chef', '53');
INSERT INTO Staff (staff_id, name, role, assigned_dining_hall) VALUES ('99', 'David Rodriguez', 'Manager', '13');
INSERT INTO Staff (staff_id, name, role, assigned_dining_hall) VALUES ('100', 'Jennifer Martin', 'Cleaner', '7');
INSERT INTO DiningManagers (manager_id, name, responsibilities, assigned_dining_hall) VALUES ('1', 'Sarah Fleming', 'Large close buy or what poor behavior.', '1');
INSERT INTO DiningManagers (manager_id, name, responsibilities, assigned_dining_hall) VALUES ('2', 'Leslie Barr', 'Service themselves else country his.', '48');
INSERT INTO DiningManagers (manager_id, name, responsibilities, assigned_dining_hall) VALUES ('3', 'Martin Turner MD', 'Me laugh into attack establish manager.', '85');
INSERT INTO DiningManagers (manager_id, name, responsibilities, assigned_dining_hall) VALUES ('4', 'April Graves', 'Provide him heart situation interview after vote.', '4');
INSERT INTO DiningManagers (manager_id, name, responsibilities, assigned_dining_hall) VALUES ('5', 'Sean Gibbs', 'Perform he forget and evening issue.', '50');
INSERT INTO DiningManagers (manager_id, name, responsibilities, assigned_dining_hall) VALUES ('6', 'Jessica Harrington', 'Edge responsibility themselves plant.', '45');
INSERT INTO DiningManagers (manager_id, name, responsibilities, assigned_dining_hall) VALUES ('7', 'Susan Reynolds', 'Capital around here note image show outside.', '71');
INSERT INTO DiningManagers (manager_id, name, responsibilities, assigned_dining_hall) VALUES ('8', 'Breanna Miller', 'Mouth also decide.', '85');
INSERT INTO DiningManagers (manager_id, name, responsibilities, assigned_dining_hall) VALUES ('9', 'Steven Boyer MD', 'Fall spend thousand speak event.', '20');
INSERT INTO DiningManagers (manager_id, name, responsibilities, assigned_dining_hall) VALUES ('10', 'Nicholas Jones', 'Large front teacher detail.', '44');
INSERT INTO DiningManagers (manager_id, name, responsibilities, assigned_dining_hall) VALUES ('11', 'Stephanie Moss', 'Fight writer commercial partner health clear.', '62');
INSERT INTO DiningManagers (manager_id, name, responsibilities, assigned_dining_hall) VALUES ('12', 'Anthony Smith', 'Trip their where process room.', '22');
INSERT INTO DiningManagers (manager_id, name, responsibilities, assigned_dining_hall) VALUES ('13', 'Mary Carlson', 'Hot rest you enough follow financial experience.', '10');
INSERT INTO DiningManagers (manager_id, name, responsibilities, assigned_dining_hall) VALUES ('14', 'Amy Martin', 'Method off usually.', '6');
INSERT INTO DiningManagers (manager_id, name, responsibilities, assigned_dining_hall) VALUES ('15', 'Troy Swanson', 'Detail maintain movie race than main system work.', '84');
INSERT INTO DiningManagers (manager_id, name, responsibilities, assigned_dining_hall) VALUES ('16', 'Charles Perkins', 'Tend half low person particular sit Mr.', '38');
INSERT INTO DiningManagers (manager_id, name, responsibilities, assigned_dining_hall) VALUES ('17', 'Robert Hull', 'Old turn worry single.', '15');
INSERT INTO DiningManagers (manager_id, name, responsibilities, assigned_dining_hall) VALUES ('18', 'Jaclyn Ramirez', 'Employee final friend risk I east hope.', '46');
INSERT INTO DiningManagers (manager_id, name, responsibilities, assigned_dining_hall) VALUES ('19', 'Ms. Leah Cole', 'History crime similar sign personal.', '94');
INSERT INTO DiningManagers (manager_id, name, responsibilities, assigned_dining_hall) VALUES ('20', 'Philip Cannon', 'Certain three teach.', '89');
INSERT INTO DiningManagers (manager_id, name, responsibilities, assigned_dining_hall) VALUES ('21', 'Ashley Matthews', 'Treat push evidence someone eat miss affect edge.', '82');
INSERT INTO DiningManagers (manager_id, name, responsibilities, assigned_dining_hall) VALUES ('22', 'Donna Phillips', 'Stuff beautiful relate hotel week subject car until.', '32');
INSERT INTO DiningManagers (manager_id, name, responsibilities, assigned_dining_hall) VALUES ('23', 'Zachary Thompson', 'Foot painting reflect family.', '44');
INSERT INTO DiningManagers (manager_id, name, responsibilities, assigned_dining_hall) VALUES ('24', 'Michael Lawson', 'Decision loss drive star attention catch do station.', '89');
INSERT INTO DiningManagers (manager_id, name, responsibilities, assigned_dining_hall) VALUES ('25', 'David Oneal', 'Air a that collection successful understand create show.', '71');
INSERT INTO DiningManagers (manager_id, name, responsibilities, assigned_dining_hall) VALUES ('26', 'Cynthia Jackson', 'Tough season pretty upon.', '52');
INSERT INTO DiningManagers (manager_id, name, responsibilities, assigned_dining_hall) VALUES ('27', 'Taylor Moore', 'Believe tend yourself we effort.', '39');
INSERT INTO DiningManagers (manager_id, name, responsibilities, assigned_dining_hall) VALUES ('28', 'Eric Carr', 'Mr animal sign also of involve.', '64');
INSERT INTO DiningManagers (manager_id, name, responsibilities, assigned_dining_hall) VALUES ('29', 'Dr. Jennifer Diaz', 'Beautiful consider themselves guy room dog role.', '99');
INSERT INTO DiningManagers (manager_id, name, responsibilities, assigned_dining_hall) VALUES ('30', 'Kimberly Butler', 'Hot we food party money.', '21');
INSERT INTO DiningManagers (manager_id, name, responsibilities, assigned_dining_hall) VALUES ('31', 'Duane Ayala', 'Push difference sound message.', '82');
INSERT INTO DiningManagers (manager_id, name, responsibilities, assigned_dining_hall) VALUES ('32', 'William Scott', 'Especially on cost rise scientist hair.', '6');
INSERT INTO DiningManagers (manager_id, name, responsibilities, assigned_dining_hall) VALUES ('33', 'Francisco Harrison', 'Should positive thought or.', '11');
INSERT INTO DiningManagers (manager_id, name, responsibilities, assigned_dining_hall) VALUES ('34', 'Tara Davis', 'One whether citizen western development.', '20');
INSERT INTO DiningManagers (manager_id, name, responsibilities, assigned_dining_hall) VALUES ('35', 'Jesus Edwards', 'Partner yeah huge voice sound.', '5');
INSERT INTO DiningManagers (manager_id, name, responsibilities, assigned_dining_hall) VALUES ('36', 'Grace Stone', 'Law modern boy left field appear require.', '57');
INSERT INTO DiningManagers (manager_id, name, responsibilities, assigned_dining_hall) VALUES ('37', 'Penny Roberts', 'Current understand culture but particular recognize teacher.', '86');
INSERT INTO DiningManagers (manager_id, name, responsibilities, assigned_dining_hall) VALUES ('38', 'Elaine Davis', 'Sit rich page talk.', '40');
INSERT INTO DiningManagers (manager_id, name, responsibilities, assigned_dining_hall) VALUES ('39', 'Mark Simpson', 'Inside family recent whom possible fund executive.', '69');
INSERT INTO DiningManagers (manager_id, name, responsibilities, assigned_dining_hall) VALUES ('40', 'Amy Swanson', 'Wonder senior newspaper to he there.', '29');
INSERT INTO DiningManagers (manager_id, name, responsibilities, assigned_dining_hall) VALUES ('41', 'Michael Benson', 'Yes measure phone my itself.', '13');
INSERT INTO DiningManagers (manager_id, name, responsibilities, assigned_dining_hall) VALUES ('42', 'Jennifer Stewart', 'Detail three focus peace level.', '27');
INSERT INTO DiningManagers (manager_id, name, responsibilities, assigned_dining_hall) VALUES ('43', 'Kelly Cannon', 'Hospital five there particular change.', '48');
INSERT INTO DiningManagers (manager_id, name, responsibilities, assigned_dining_hall) VALUES ('44', 'Brandon Rodriguez', 'Sort protect bring example business.', '72');
INSERT INTO DiningManagers (manager_id, name, responsibilities, assigned_dining_hall) VALUES ('45', 'Michael Robinson', 'Building time share call phone single federal.', '97');
INSERT INTO DiningManagers (manager_id, name, responsibilities, assigned_dining_hall) VALUES ('46', 'Bryan Parker', 'Every report nor course since.', '81');
INSERT INTO DiningManagers (manager_id, name, responsibilities, assigned_dining_hall) VALUES ('47', 'Sydney Sims', 'Republican price administration dinner perform.', '22');
INSERT INTO DiningManagers (manager_id, name, responsibilities, assigned_dining_hall) VALUES ('48', 'Dominic Campbell', 'Factor region degree design listen not.', '77');
INSERT INTO DiningManagers (manager_id, name, responsibilities, assigned_dining_hall) VALUES ('49', 'Eric Osborn', 'Get movie authority.', '37');
INSERT INTO DiningManagers (manager_id, name, responsibilities, assigned_dining_hall) VALUES ('50', 'Mary Rodriguez', 'Wife measure visit beyond seek boy ball.', '39');
INSERT INTO DiningManagers (manager_id, name, responsibilities, assigned_dining_hall) VALUES ('51', 'Jasmine Taylor', 'Public nature institution ten clear dog.', '77');
INSERT INTO DiningManagers (manager_id, name, responsibilities, assigned_dining_hall) VALUES ('52', 'Bryan Walters', 'This suffer wall hear beat.', '72');
INSERT INTO DiningManagers (manager_id, name, responsibilities, assigned_dining_hall) VALUES ('53', 'David Perez', 'Civil company measure minute event.', '46');
INSERT INTO DiningManagers (manager_id, name, responsibilities, assigned_dining_hall) VALUES ('54', 'Sarah Potts', 'Billion attorney affect put.', '100');
INSERT INTO DiningManagers (manager_id, name, responsibilities, assigned_dining_hall) VALUES ('55', 'Jennifer Moon', 'Various these page.', '83');
INSERT INTO DiningManagers (manager_id, name, responsibilities, assigned_dining_hall) VALUES ('56', 'Shannon Miller', 'Set purpose value investment past leave professional.', '82');
INSERT INTO DiningManagers (manager_id, name, responsibilities, assigned_dining_hall) VALUES ('57', 'Christopher Alvarez', 'Whose age officer support analysis yourself moment.', '74');
INSERT INTO DiningManagers (manager_id, name, responsibilities, assigned_dining_hall) VALUES ('58', 'John Cordova', 'Finally where head how peace site evening coach.', '64');
INSERT INTO DiningManagers (manager_id, name, responsibilities, assigned_dining_hall) VALUES ('59', 'Gary Watson', 'Improve send too network over.', '67');
INSERT INTO DiningManagers (manager_id, name, responsibilities, assigned_dining_hall) VALUES ('60', 'Charles Boyd', 'Six candidate success adult carry.', '14');
INSERT INTO DiningManagers (manager_id, name, responsibilities, assigned_dining_hall) VALUES ('61', 'Carol Foster', 'Technology sound have could when few.', '99');
INSERT INTO DiningManagers (manager_id, name, responsibilities, assigned_dining_hall) VALUES ('62', 'Kevin Giles', 'End summer alone inside seek until star.', '5');
INSERT INTO DiningManagers (manager_id, name, responsibilities, assigned_dining_hall) VALUES ('63', 'Deborah Preston', 'Wear people development.', '100');
INSERT INTO DiningManagers (manager_id, name, responsibilities, assigned_dining_hall) VALUES ('64', 'Lisa Aguilar', 'Mrs according feeling product.', '88');
INSERT INTO DiningManagers (manager_id, name, responsibilities, assigned_dining_hall) VALUES ('65', 'Joshua Green', 'He reveal southern arm.', '7');
INSERT INTO DiningManagers (manager_id, name, responsibilities, assigned_dining_hall) VALUES ('66', 'Sarah Gomez', 'Pick history win century success.', '77');
INSERT INTO DiningManagers (manager_id, name, responsibilities, assigned_dining_hall) VALUES ('67', 'Alan Bailey', 'Country space other space common.', '24');
INSERT INTO DiningManagers (manager_id, name, responsibilities, assigned_dining_hall) VALUES ('68', 'Danielle Johnson', 'Court toward air add.', '95');
INSERT INTO DiningManagers (manager_id, name, responsibilities, assigned_dining_hall) VALUES ('69', 'Steven Wright', 'Information yourself let.', '51');
INSERT INTO DiningManagers (manager_id, name, responsibilities, assigned_dining_hall) VALUES ('70', 'Tiffany Thomas', 'Process be around item current once picture.', '69');
INSERT INTO DiningManagers (manager_id, name, responsibilities, assigned_dining_hall) VALUES ('71', 'Manuel Wells', 'Politics start rate read small.', '5');
INSERT INTO DiningManagers (manager_id, name, responsibilities, assigned_dining_hall) VALUES ('72', 'Karen Grimes', 'Already set word general measure.', '7');
INSERT INTO DiningManagers (manager_id, name, responsibilities, assigned_dining_hall) VALUES ('73', 'Stephanie Ward', 'Contain commercial feel skill.', '34');
INSERT INTO DiningManagers (manager_id, name, responsibilities, assigned_dining_hall) VALUES ('74', 'Maria Oconnor', 'Sound money opportunity.', '66');
INSERT INTO DiningManagers (manager_id, name, responsibilities, assigned_dining_hall) VALUES ('75', 'Steven Lamb', 'They explain need according suggest.', '30');
INSERT INTO DiningManagers (manager_id, name, responsibilities, assigned_dining_hall) VALUES ('76', 'Jimmy Martin', 'Control commercial economic it degree.', '8');
INSERT INTO DiningManagers (manager_id, name, responsibilities, assigned_dining_hall) VALUES ('77', 'Gloria Jones', 'Size letter husband senior.', '7');
INSERT INTO DiningManagers (manager_id, name, responsibilities, assigned_dining_hall) VALUES ('78', 'Daniel Delgado', 'Pull her another black respond information.', '64');
INSERT INTO DiningManagers (manager_id, name, responsibilities, assigned_dining_hall) VALUES ('79', 'Kathleen Webb', 'Politics good authority common available ago nothing side.', '84');
INSERT INTO DiningManagers (manager_id, name, responsibilities, assigned_dining_hall) VALUES ('80', 'Sheena Butler', 'Per control firm fact effect yes picture.', '56');
INSERT INTO DiningManagers (manager_id, name, responsibilities, assigned_dining_hall) VALUES ('81', 'Michael Barr', 'Open nature high.', '25');
INSERT INTO DiningManagers (manager_id, name, responsibilities, assigned_dining_hall) VALUES ('82', 'Tammy Weber', 'Simply beat mind particularly while.', '18');
INSERT INTO DiningManagers (manager_id, name, responsibilities, assigned_dining_hall) VALUES ('83', 'Joshua Cardenas', 'West knowledge sell.', '47');
INSERT INTO DiningManagers (manager_id, name, responsibilities, assigned_dining_hall) VALUES ('84', 'Amber Haynes', 'Base business test third best.', '55');
INSERT INTO DiningManagers (manager_id, name, responsibilities, assigned_dining_hall) VALUES ('85', 'Samantha Chandler', 'Across trip easy memory.', '41');
INSERT INTO DiningManagers (manager_id, name, responsibilities, assigned_dining_hall) VALUES ('86', 'Lance Sutton', 'Life produce white prevent page part.', '48');
INSERT INTO DiningManagers (manager_id, name, responsibilities, assigned_dining_hall) VALUES ('87', 'Cassandra Harris', 'Room manage positive paper hair.', '21');
INSERT INTO DiningManagers (manager_id, name, responsibilities, assigned_dining_hall) VALUES ('88', 'Ashley Lewis', 'Watch occur someone keep good generation up.', '48');
INSERT INTO DiningManagers (manager_id, name, responsibilities, assigned_dining_hall) VALUES ('89', 'Courtney Sutton', 'One natural look require south.', '91');
INSERT INTO DiningManagers (manager_id, name, responsibilities, assigned_dining_hall) VALUES ('90', 'Robin Walker', 'Around development same religious start kind near.', '64');
INSERT INTO DiningManagers (manager_id, name, responsibilities, assigned_dining_hall) VALUES ('91', 'Michael Mclean', 'Ok include player attack begin commercial.', '76');
INSERT INTO DiningManagers (manager_id, name, responsibilities, assigned_dining_hall) VALUES ('92', 'Timothy Schroeder', 'Call budget rock arrive inside arm.', '17');
INSERT INTO DiningManagers (manager_id, name, responsibilities, assigned_dining_hall) VALUES ('93', 'Rebecca Mendoza', 'Mean open front land close.', '58');
INSERT INTO DiningManagers (manager_id, name, responsibilities, assigned_dining_hall) VALUES ('94', 'Gregory Mcfarland', 'Less marriage thus into.', '44');
INSERT INTO DiningManagers (manager_id, name, responsibilities, assigned_dining_hall) VALUES ('95', 'Mitchell Webster', 'Particular simple method personal.', '53');
INSERT INTO DiningManagers (manager_id, name, responsibilities, assigned_dining_hall) VALUES ('96', 'Arthur Joseph', 'Wide building hair list.', '48');
INSERT INTO DiningManagers (manager_id, name, responsibilities, assigned_dining_hall) VALUES ('97', 'Jason Cruz', 'Poor water share rich standard.', '39');
INSERT INTO DiningManagers (manager_id, name, responsibilities, assigned_dining_hall) VALUES ('98', 'Alan Faulkner', 'Professional area body provide gun American.', '19');
INSERT INTO DiningManagers (manager_id, name, responsibilities, assigned_dining_hall) VALUES ('99', 'Ms. Tonya Flores', 'Gas miss too off.', '25');
INSERT INTO DiningManagers (manager_id, name, responsibilities, assigned_dining_hall) VALUES ('100', 'Robert Martinez', 'Suddenly peace key challenge watch size.', '38');
