manager_id,name,responsibilities,assigned_dining_hall
1,Sarah Fleming,Large close buy or what poor behavior.,1
2,Leslie Barr,Service themselves else country his.,48
3,Martin Turner MD,Me laugh into attack establish manager.,85
4,April Graves,Provide him heart situation interview after vote.,4
5,Sean Gibbs,Perform he forget and evening issue.,50
6,Jessica Harrington,Edge responsibility themselves plant.,45
7,Susan Reynolds,Capital around here note image show outside.,71
8,Breanna Miller,Mouth also decide.,85
9,Steven Boyer MD,Fall spend thousand speak event.,20
10,Nicholas Jones,Large front teacher detail.,44
11,Stephanie Moss,Fight writer commercial partner health clear.,62
12,Anthony Smith,Trip their where process room.,22
13,Mary Carlson,Hot rest you enough follow financial experience.,10
14,Amy Martin,Method off usually.,6
15,Troy Swanson,Detail maintain movie race than main system work.,84
16,Charles Perkins,Tend half low person particular sit Mr.,38
17,Robert Hull,Old turn worry single.,15
18,Jaclyn Ramirez,Employee final friend risk I east hope.,46
19,Ms. Leah Cole,History crime similar sign personal.,94
20,Philip Cannon,Certain three teach.,89
21,Ashley Matthews,Treat push evidence someone eat miss affect edge.,82
22,Donna Phillips,Stuff beautiful relate hotel week subject car until.,32
23,Zachary Thompson,Foot painting reflect family.,44
24,Michael Lawson,Decision loss drive star attention catch do station.,89
25,David Oneal,Air a that collection successful understand create show.,71
26,Cynthia Jackson,Tough season pretty upon.,52
27,Taylor Moore,Believe tend yourself we effort.,39
28,Eric Carr,Mr animal sign also of involve.,64
29,Dr. Jennifer Diaz,Beautiful consider themselves guy room dog role.,99
30,Kimberly Butler,Hot we food party money.,21
31,Duane Ayala,Push difference sound message.,82
32,William Scott,Especially on cost rise scientist hair.,6
33,Francisco Harrison,Should positive thought or.,11
34,Tara Davis,One whether citizen western development.,20
35,Jesus Edwards,Partner yeah huge voice sound.,5
36,Grace Stone,Law modern boy left field appear require.,57
37,Penny Roberts,Current understand culture but particular recognize teacher.,86
38,Elaine Davis,Sit rich page talk.,40
39,Mark Simpson,Inside family recent whom possible fund executive.,69
40,Amy Swanson,Wonder senior newspaper to he there.,29
41,Michael Benson,Yes measure phone my itself.,13
42,Jennifer Stewart,Detail three focus peace level.,27
43,Kelly Cannon,Hospital five there particular change.,48
44,Brandon Rodriguez,Sort protect bring example business.,72
45,Michael Robinson,Building time share call phone single federal.,97
46,Bryan Parker,Every report nor course since.,81
47,Sydney Sims,Republican price administration dinner perform.,22
48,Dominic Campbell,Factor region degree design listen not.,77
49,Eric Osborn,Get movie authority.,37
50,Mary Rodriguez,Wife measure visit beyond seek boy ball.,39
51,Jasmine Taylor,Public nature institution ten clear dog.,77
52,Bryan Walters,This suffer wall hear beat.,72
53,David Perez,Civil company measure minute event.,46
54,Sarah Potts,Billion attorney affect put.,100
55,Jennifer Moon,Various these page.,83
56,Shannon Miller,Set purpose value investment past leave professional.,82
57,Christopher Alvarez,Whose age officer support analysis yourself moment.,74
58,John Cordova,Finally where head how peace site evening coach.,64
59,Gary Watson,Improve send too network over.,67
60,Charles Boyd,Six candidate success adult carry.,14
61,Carol Foster,Technology sound have could when few.,99
62,Kevin Giles,End summer alone inside seek until star.,5
63,Deborah Preston,Wear people development.,100
64,Lisa Aguilar,Mrs according feeling product.,88
65,Joshua Green,He reveal southern arm.,7
66,Sarah Gomez,Pick history win century success.,77
67,Alan Bailey,Country space other space common.,24
68,Danielle Johnson,Court toward air add.,95
69,Steven Wright,Information yourself let.,51
70,Tiffany Thomas,Process be around item current once picture.,69
71,Manuel Wells,Politics start rate read small.,5
72,Karen Grimes,Already set word general measure.,7
73,Stephanie Ward,Contain commercial feel skill.,34
74,Maria Oconnor,Sound money opportunity.,66
75,Steven Lamb,They explain need according suggest.,30
76,Jimmy Martin,Control commercial economic it degree.,8
77,Gloria Jones,Size letter husband senior.,7
78,Daniel Delgado,Pull her another black respond information.,64
79,Kathleen Webb,Politics good authority common available ago nothing side.,84
80,Sheena Butler,Per control firm fact effect yes picture.,56
81,Michael Barr,Open nature high.,25
82,Tammy Weber,Simply beat mind particularly while.,18
83,Joshua Cardenas,West knowledge sell.,47
84,Amber Haynes,Base business test third best.,55
85,Samantha Chandler,Across trip easy memory.,41
86,Lance Sutton,Life produce white prevent page part.,48
87,Cassandra Harris,Room manage positive paper hair.,21
88,Ashley Lewis,Watch occur someone keep good generation up.,48
89,Courtney Sutton,One natural look require south.,91
90,Robin Walker,Around development same religious start kind near.,64
91,Michael Mclean,Ok include player attack begin commercial.,76
92,Timothy Schroeder,Call budget rock arrive inside arm.,17
93,Rebecca Mendoza,Mean open front land close.,58
94,Gregory Mcfarland,Less marriage thus into.,44
95,Mitchell Webster,Particular simple method personal.,53
96,Arthur Joseph,Wide building hair list.,48
97,Jason Cruz,Poor water share rich standard.,39
98,Alan Faulkner,Professional area body provide gun American.,19
99,Ms. Tonya Flores,Gas miss too off.,25
100,Robert Martinez,Suddenly peace key challenge watch size.,38
