dining_hall_id,name,location,capacity
1,Carr LLC,"26962 Olivia Ford
Harperton, PW 42207",492
2,Walsh-Patterson,"68572 Berry Fall Suite 700
Ashleyburgh, AZ 67545",338
3,"Watts, Haley and Smith","6959 Beasley Viaduct
South Sheilachester, MD 80936",119
4,Levine PLC,"0852 Brooke Oval
Taylorburgh, KY 79422",311
5,"Cunningham, Perez and Alexander","Unit 9353 Box 9388
DPO AE 73786",255
6,Wilson-Parks,"97315 Andrew Union
Hullberg, NM 41086",412
7,Rodriguez Inc,"0775 Baker Lodge
Reyesland, KS 79012",425
8,"Craig, Daniel and Delacruz","435 Miranda Stream
New Ronald, LA 76155",445
9,Allen-Serrano,"Unit 5959 Box 8791
DPO AE 50707",298
10,"Clark, Miller and West","260 Cameron Common Apt. 221
North Kristy, NC 29524",302
11,Humphrey Group,"774 Blake Trail Suite 914
Rogersberg, NC 51752",425
12,Wright-Long,"462 Linda Shoals Suite 273
Seanside, NE 51843",366
13,Holloway-Hernandez,"947 Garrett View Suite 113
Alexandriaport, TN 75892",392
14,Doyle-Klein,"409 Jason Throughway
Mariabury, IL 96014",106
15,Woodward Ltd,"635 Bell Plains Apt. 632
Marshallhaven, NH 68357",366
16,Hoover-Myers,"345 Webb Estate Apt. 467
Ellisonhaven, MA 36694",476
17,"Myers, Mullen and Martinez","838 Jackie Road Apt. 877
Port Billy, GA 61166",437
18,"Buck, Ferguson and Perez","529 Michael Corners Suite 843
Nunezhaven, NH 41708",462
19,Cannon and Sons,"0305 Ruiz Throughway
Lake Crystalstad, NE 08346",324
20,Schmitt PLC,"1697 Ford Knolls Apt. 547
North Jasonville, VI 09999",133
21,Brooks-Morris,"219 Diana Creek Suite 899
Port David, VT 88717",492
22,"Padilla, Hamilton and Baker","068 Mcgee Spur
West Sheilabury, ME 89994",253
23,Waller-Jones,"9088 Lamb Radial Apt. 456
New Monica, CT 95855",132
24,Rogers LLC,"55048 Lee Mountains
East Brianna, NE 17447",479
25,Martinez and Sons,"5461 Morris Plains Suite 114
South Heidi, NM 80446",233
26,Mcdowell Ltd,"3376 Weiss Village Apt. 787
East Dannyport, OR 22997",477
27,"Gibson, Rivera and White","4448 Laura Drive Suite 116
Matthewsburgh, NM 38470",140
28,Atkinson-Wang,"8204 William Underpass Apt. 511
Anthonyfurt, FM 73630",180
29,Jennings and Sons,"6363 Joshua Lakes Suite 437
Smithland, ND 72400",108
30,Shepherd and Sons,"3939 Caldwell Street Apt. 167
New Mariomouth, AK 88027",286
31,Caldwell-Walker,"6047 Steven Port
Palmerburgh, MO 66789",156
32,Trevino Inc,"PSC 9279, Box 4611
APO AE 87844",143
33,"Butler, Turner and Smith","952 Valerie Curve
Wadestad, NE 33110",229
34,"Pennington, Glover and Leonard","7243 Matthew Lake
Karabury, CA 56573",256
35,Hebert-Hernandez,"23997 Oliver Plaza
South James, WY 89522",248
36,"Robles, Griffin and Barron","384 Gregory Court Suite 853
Port Keith, OH 22794",116
37,"Gutierrez, Smith and Casey","79082 Timothy Estate
Garciaville, CO 85196",413
38,Carr-Neal,"707 Mendoza Shoal
Danielfurt, RI 55235",464
39,Lynch-Aguirre,"20004 Coleman Walk Apt. 477
Theresaview, ID 40290",234
40,"Jenkins, Brooks and Johnson","074 Wolfe Highway Apt. 389
North Amymouth, WI 30723",442
41,"Perez, Pena and Olson","4644 James Center
Bakertown, NH 42837",428
42,Davis LLC,"PSC 9488, Box 1610
APO AA 76932",120
43,Miller PLC,"555 Fernando Meadow
Rebeccaside, NJ 30853",426
44,"Frye, Carter and Paul","166 Elijah Spurs Apt. 156
Rebeccaberg, IA 51786",351
45,Wade Ltd,"7659 Fischer Crossroad
New Maria, NV 55005",225
46,"Riley, Pineda and Edwards","9749 Travis Flat Suite 769
West Eric, NY 50914",352
47,Shannon Inc,"284 Pineda Union Apt. 785
Haleyton, NC 16244",246
48,Copeland and Sons,"6659 Burns Well
Lake Wendyview, VT 94984",256
49,Cantrell-Harrison,"133 Bonnie Viaduct
Lake Ericaside, WY 33219",456
50,Perez-Stephens,"48330 Mcdonald Track
New Danielshire, NY 82952",127
51,Holmes and Sons,"6749 Jonathan Dale Suite 120
Kathyville, AL 28611",463
52,"Livingston, Patel and Meyer","1151 Mary Forest
Lake Carrie, NC 23037",212
53,Mckinney-Cruz,"PSC 5969, Box 9382
APO AA 39394",150
54,Hansen-Horne,"087 Nicole Ridges
Marshbury, AS 27524",429
55,Johnson-Munoz,"PSC 8272, Box 8608
APO AA 64256",440
56,Torres-Garcia,"Unit 5778 Box 5434
DPO AP 37639",399
57,Washington-Evans,"2252 Armstrong Ports
West Walterview, GU 07837",259
58,Turner PLC,"1420 Kelley Circle
Kimberlyhaven, PA 36116",270
59,"Wright, Wilson and Rios","3667 Melinda Gateway
North Nicholaston, RI 26559",409
60,Cunningham PLC,"8252 Macias Manor Suite 278
North Michellemouth, KY 04420",405
61,"Soto, Garrison and Reid","PSC 3073, Box 5316
APO AA 97619",404
62,Garcia and Sons,"429 Klein Mountains
East Rebecca, VI 96432",300
63,Williams-Maldonado,"22769 Smith Alley
Kellyberg, IN 27339",280
64,Hudson Ltd,"44753 Traci Shores
New Alex, MH 46433",486
65,Campos-Stephenson,"2031 Eric Forks
New Maryland, TX 38373",461
66,"Williamson, Velazquez and Bell","8447 Martinez Centers Apt. 822
Jenniferbury, NE 75325",489
67,"Lucero, Hernandez and Lee","85121 Laura Spring Apt. 043
Calebport, AR 49152",131
68,"Joyce, Perry and Martinez","2120 Alexander Haven Suite 922
Weaverchester, WV 19428",263
69,Foley-Roman,"6564 Carroll Tunnel
East Bruce, MD 12345",361
70,"Smith, Larsen and Hanson","9780 Lynch Mountains
Courtneymouth, NH 19181",135
71,Alvarez-Brown,"PSC 4792, Box 0585
APO AP 69655",350
72,Black-Webster,"76203 Sarah Spur Apt. 281
Brittneyport, AR 80588",114
73,Watkins-Ramsey,"500 Samantha Pike
Wolfmouth, MI 71195",463
74,Montgomery LLC,"37030 Baker Lane
Floydburgh, MO 84875",175
75,Turner Group,"1231 Karen Avenue
Port Brucetown, VT 54912",301
76,Burns Ltd,"691 Mejia Mall
Gutierrezhaven, PA 09509",139
77,Owen-Molina,"859 Joseph Islands
Middletonchester, GU 56363",362
78,"Norris, Bell and Murphy","Unit 5939 Box 1300
DPO AE 76093",182
79,"Smith, James and Moore","026 Alvarez Track Apt. 105
East Jennifermouth, MH 32343",306
80,Martin-Hamilton,"6623 Jonathan Dale Apt. 873
Leonardport, WV 38614",357
81,Hernandez-Baker,"83084 Warren Corners
Thomasberg, SC 38691",299
82,"Brown, Hoover and Campos","51757 Kathy Mills Suite 300
Bethanystad, UT 40810",237
83,"Brown, Kirk and Fuller","7096 Heather Causeway Apt. 287
South Stevenstad, MI 31857",335
84,Estes and Sons,"7220 David Turnpike
New Stephaniestad, ID 50521",198
85,Prince-Edwards,"5624 Taylor Drives
New Debramouth, OH 88282",370
86,Thompson Inc,"03301 Carter Manors
Port Erictown, MT 21856",250
87,"Knight, Mullins and Stephens","83491 Jill Walk
West Timothy, VI 04148",219
88,Robles Group,"042 Nelson Causeway
North Jean, CA 37920",495
89,"Johnson, Richards and Mcdaniel","374 Joy Harbors Apt. 597
Arnoldchester, OH 42614",135
90,Kim-Flowers,"Unit 6919 Box 0947
DPO AA 73830",174
91,"Johnson, Mora and Graham","945 Dawn Gardens
Port Nancyview, NV 62796",426
92,Nelson-Miller,"75366 French Hills Apt. 940
Amymouth, OH 02385",388
93,Murphy PLC,"49207 Thomas Street
Sandovalmouth, AK 19303",493
94,Hebert and Sons,"58591 Johnson Flats Suite 642
East Isabellaburgh, PW 21013",277
95,Wright-Barton,"4347 Maria Mill Apt. 412
East Patricia, MP 47205",379
96,"Conner, Hughes and Green","845 Adams Camp Apt. 941
Lake Kennethbury, GA 26477",396
97,"Smith, Mccoy and Atkinson","51363 Jordan Gateway Apt. 650
Moniquemouth, NH 81406",241
98,Clark and Sons,"PSC 4947, Box 6565
APO AE 62049",386
99,Chapman-Washington,"68181 William Pine
Salazarland, SD 15193",349
100,"Little, Coffey and Harris","USNV Flores
FPO AP 88216",349
