dormitory_id,name,capacity,location
1,"Anderson, Rivera and Marquez",173,"829 Kyle Pines Apt. 121
East Davidfort, PR 85301"
2,Lam Group,154,"3870 Lee Key
Merrittburgh, WA 27429"
3,"Benjamin, Smith and Lynch",147,"333 Christian Place
New Donna, NJ 00973"
4,Leblanc and Sons,131,"94020 Caroline Groves
West Peter, FL 67257"
5,Bonilla-Johns,116,"398 Robert Lake
Port Kimberly, NY 60977"
6,Martinez PLC,119,"7134 Christine Village Suite 486
South Charleston, CA 40171"
7,"Smith, Jones and Davis",163,"8038 Debbie Spurs
New Davidborough, NV 16678"
8,"Day, Hanson and Silva",106,"69813 Christopher Vista
Marissafurt, AZ 18292"
9,"White, Murray and Osborne",119,"092 Rivers Via Apt. 024
New Hannah, NH 75280"
10,"Moreno, Gutierrez and Mcconnell",142,"3555 Shannon Mountain
Port Sandraland, PW 79847"
11,"Galvan, Wilson and Ramirez",254,"894 Lisa Drives Suite 810
Annmouth, IN 44227"
12,Thomas-Snyder,153,"01041 Chang Course Apt. 201
Andrewport, AL 95633"
13,"Acosta, Nash and Bell",206,"838 Oconnor Underpass Suite 269
Port Angelaton, MD 61434"
14,Quinn-Lucero,189,"024 Ferguson Parkways
Hernandezburgh, AK 01260"
15,"Burns, Mejia and Weber",84,"264 Garcia Creek Apt. 381
West Amanda, ID 81323"
16,"Martinez, Steele and Hampton",278,"77642 Anderson Parks
South Randy, AK 92812"
17,Stein LLC,176,"84521 Perez Shores Suite 961
Gomezville, WI 42915"
18,Hammond-Smith,74,"40016 Kelley Manor
East Ericchester, HI 45360"
19,Kerr Inc,193,"666 Robin Isle Apt. 963
Lake Elizabethmouth, AL 21519"
20,Keller-Anderson,296,"96894 Wilson Gardens
Timothyville, NM 31356"
21,Pratt LLC,231,"21756 Jimenez Circle
Susantown, MI 62411"
22,Gonzalez-Diaz,164,"44600 Stein Square
North Timothy, MD 55763"
23,Watts Group,93,"2329 Clark Radial
West Sarah, IL 09259"
24,Salazar-Campbell,235,"6771 Joshua Mission
Snyderbury, ID 38590"
25,Clayton-Little,103,"08001 Garcia Canyon
Dominguezstad, NH 44298"
26,Garcia LLC,114,"22367 Scott Meadows
Browningberg, AL 79908"
27,Webb-Jones,114,"9312 Jacob Unions Apt. 073
West Tommyland, ID 52740"
28,Robertson and Sons,270,"10112 Ferguson Shoal
North Austin, NH 25910"
29,Alvarez-Kelly,266,"351 Morse Union
West Laurachester, DE 11564"
30,Gardner-Stevens,225,"061 Hubbard Bypass Apt. 202
Hernandezview, NH 04982"
31,"Patterson, Henry and Crawford",140,"PSC 3754, Box 8993
APO AP 86245"
32,Santiago-Nelson,130,"940 Bishop Valleys Apt. 149
Michaelbury, ID 12373"
33,"Ramos, Scott and Shaw",154,"1004 William Mount Apt. 306
Lake Linda, MN 55679"
34,Powers Group,152,"82563 Jacobs Fields
Morrisontown, MI 45396"
35,Fleming Inc,73,"158 Misty Fords Suite 867
Douglasborough, MH 97875"
36,"Vega, Barnett and Bradley",53,"8819 Buchanan Valley Apt. 188
Port Michelle, NY 87092"
37,Williams Ltd,72,"09669 Jackson Summit
Duncanside, CA 45020"
38,"Meyers, Whitney and Arellano",55,"51943 Allison Plains Apt. 864
Patriciafurt, DE 98990"
39,Miller PLC,129,"18598 Diaz Row
Johnchester, MN 29975"
40,Norton-Miller,271,"03951 Beth Lock Suite 413
New Nathanberg, MP 41139"
41,"Walker, Harrell and Quinn",215,"65087 Black Turnpike
Snyderburgh, MD 18139"
42,Baker Group,239,"85627 Andrews Spur Suite 919
Thomasbury, MS 28525"
43,Ritter-Boone,155,"555 Victor Circle
New Katelyn, KS 19761"
44,Brown-Oconnor,111,"5543 Mcgee Ferry Apt. 401
Thomastown, NJ 06965"
45,Blackwell and Sons,163,"26948 Jacqueline Plain Apt. 625
West Elizabethchester, NH 58695"
46,Strickland Inc,87,"0666 Curtis Garden
Martinfurt, DC 66053"
47,Reeves Inc,53,"36288 Patricia Rapids Suite 163
West Sara, PA 57435"
48,Dawson Ltd,134,"22677 Christopher Mission Suite 841
Lake Nathaniel, AL 90269"
49,Walker Ltd,65,"USS Buchanan
FPO AA 36847"
50,Martin PLC,69,"303 Felicia Crest
Wadeberg, MT 46560"
51,"Barnes, Cruz and Maldonado",82,"Unit 4074 Box 9119
DPO AA 46932"
52,"Thompson, Jones and Costa",110,"8254 Erickson Junction Apt. 257
Lake Kyle, AL 78704"
53,"Miller, Reeves and Howell",199,"Unit 8927 Box 1144
DPO AA 12991"
54,Singh LLC,94,"PSC 6557, Box 0329
APO AE 37477"
55,"Walker, Davis and Davis",134,"01459 Caldwell Plain Apt. 785
Jenniferchester, PW 25244"
56,"Simon, Sanchez and Mahoney",64,"Unit 3031 Box 1135
DPO AA 89341"
57,"Richardson, Lopez and Green",255,"57606 Gonzalez Valleys
South Philip, GA 56794"
58,Howard-Johnston,60,"63005 Parks Brook Apt. 839
South Joanneshire, OR 53565"
59,"Rivas, Hanson and Knox",276,"536 Brandi River
Murrayland, RI 88685"
60,Bauer-Salas,267,"1213 Moody Hills
Carterside, TX 22753"
61,Mays-White,171,"99621 Shelia Center
East Henry, PR 61061"
62,"Logan, Jackson and Jones",113,"141 Porter Summit
East Shanefort, MI 78720"
63,Kim-Christensen,105,"287 Alejandra Unions
South Georgeville, HI 39538"
64,Olson Group,186,"USS Davis
FPO AP 56233"
65,"Morse, Wallace and Walker",64,"8455 Henry Parkways Apt. 846
Cameronton, AZ 32859"
66,Marshall LLC,197,"2398 Lopez Crossroad
Mccallfort, MH 70865"
67,Powell and Sons,209,"29917 Cochran Lodge
North Angelatown, PW 78225"
68,"Taylor, Rodriguez and Alexander",224,"91820 Watson Field Apt. 898
Dawnton, MA 02405"
69,"Thompson, Curtis and Chan",262,"3471 Chavez Inlet Suite 189
Heatherview, DC 11463"
70,White-Johnson,198,"56893 Dustin Loop
North Michelle, VI 72354"
71,"Johnson, Smith and Lawson",158,"2505 Yesenia Crossroad
Isabellastad, SC 69174"
72,Harris-Harrell,263,"9379 Matthew Bridge Apt. 537
Tuckerburgh, HI 14810"
73,Montoya Ltd,289,"4673 Walsh Manors Apt. 597
New Carol, FM 84854"
74,"Pierce, Paul and Evans",262,"USS Rodriguez
FPO AE 34429"
75,Carlson PLC,136,"3533 White Cape Apt. 469
East Michellehaven, CA 88325"
76,Shelton-Curry,292,"1454 Ronald Flat Suite 140
South Randall, DE 39228"
77,White PLC,286,"PSC 5547, Box 5292
APO AA 14758"
78,"Joseph, Ruiz and Wall",90,"PSC 8281, Box 4112
APO AE 32229"
79,Garcia-Mitchell,141,"47206 Hill Knoll Suite 475
Tammyberg, KS 29430"
80,"Benson, Oliver and Sparks",75,"08696 Wong River
Port Ruth, NM 16827"
81,Bates-Kaufman,163,"1539 Scott Gardens Suite 234
Brianland, TN 92391"
82,"Harvey, Sexton and Walters",87,"Unit 4516 Box 5223
DPO AE 17227"
83,Crosby Group,170,"33332 Brown Mall
Brownland, AL 63105"
84,"Woodward, Morrison and Carter",265,"81894 Tina Square
Port Stephen, MP 04990"
85,Thompson Ltd,101,"82824 Washington Mountain Apt. 835
South Melissaton, CA 32781"
86,Banks-Bryan,144,"29634 Justin Gateway
West Bridgetborough, GU 26781"
87,Townsend-Hall,82,"036 William Burg
North Danieltown, VT 40283"
88,Johnson-Lewis,162,"976 Ingram Landing
Marcusport, ID 74229"
89,Bender-Schaefer,277,"937 Diane Highway
Lake Amanda, HI 10586"
90,Stokes PLC,196,"190 Kimberly Spring
Port Kevinland, MO 00597"
91,Oconnor Group,135,"53515 Alexandria Overpass Apt. 564
New Ryanburgh, DC 09106"
92,Hill Inc,246,"290 Gonzalez Mountains Suite 671
Riceview, NH 05968"
93,Reyes Ltd,265,"16253 John Radial
Port Joshua, NM 78512"
94,"Cardenas, Torres and Davis",135,"0657 Rangel Shoal
North Josechester, IA 26265"
95,Sullivan Inc,214,"606 Tina Cove Apt. 316
Samanthaborough, SD 46648"
96,"Roberts, Jones and Chambers",153,"366 Logan Trafficway
Ashleychester, MO 67245"
97,Braun-Henderson,234,"178 Hodge Pine
Troyshire, RI 84034"
98,Hall-Moore,280,"4996 Sampson Falls Suite 582
New Jacob, OH 64310"
99,Brady Inc,57,"344 Austin Circles Suite 521
Charlestown, SD 96129"
100,Ayala Group,259,"25206 Curtis Haven Suite 391
Perezchester, MS 08294"
