supplier_id,name,contact_info,food_items_supplied
1,Adams Inc,987.368.6237,Must continue yourself total loss system.
2,"Ewing, Vargas and Garza",(804)200-5486,Station best say poor wear radio nice fly.
3,Rodriguez-Miller,+1-491-877-7352x41574,Why federal conference budget home.
4,"Hughes, Wise and Cooper",697.567.8166x43432,Game benefit great push experience occur.
5,Thomas Ltd,621-945-3600,More voice necessary air party.
6,Morris PLC,472-764-3612x26599,Prove environmental want interesting.
7,"Stafford, Taylor and Summers",739.222.3922x38279,Four including catch head.
8,Woodard Inc,789-252-2001x531,Main film final piece never box.
9,"Murphy, Johnston and Rasmussen",(338)254-8621x09469,Agency head quality just vote night cup.
10,Atkinson LLC,(356)675-5014x582,Table owner watch recently support.
11,"Khan, Steele and Garcia",(486)900-2743x122,Let race special southern learn.
12,Thompson LLC,4705110035,New yet raise long answer.
13,"Waters, Mays and Frye",(707)384-6572x367,More purpose food among movie.
14,"Santos, Wallace and Bond",001-911-414-5915,Occur someone wonder factor share school realize.
15,Delacruz-Fernandez,738.215.6990x2445,Him computer fire arrive area business discuss couple.
16,Tucker and Sons,+1-223-567-4342x3327,Skill most across.
17,Frank PLC,+1-551-368-5662,At join agency.
18,Meyer LLC,444-868-8129x3003,Stop tonight job which agent.
19,Hurley PLC,213-398-1959x49430,Space throw do school everything free.
20,Fisher-Lee,+1-986-535-7184,Mission so newspaper international.
21,Medina-Hardy,(944)824-7762,Must return house thought experience security common.
22,"Jones, Dixon and Hoover",350-688-9212x4851,Follow half say nice.
23,"Turner, Carney and Henson",+1-651-333-7372,Camera hope capital memory ability often difference.
24,"Green, Simmons and Smith",+1-274-852-5089,Fall still themselves light few.
25,Nielsen PLC,(615)844-1473x46601,Politics allow sit us place.
26,Matthews-Henderson,+1-496-606-4284,Fast wish wife long action by song newspaper.
27,Peterson Group,364-851-7506,Many war opportunity individual shoulder major record.
28,"Wong, Wright and Mckinney",246-282-8675x946,Son trouble administration debate.
29,"White, Flores and Nelson",001-671-587-3767x01923,Manage teacher every style seat year up.
30,"Collins, Trevino and Anderson",(985)982-6105,Single professional dream contain.
31,Coleman-Crawford,(426)804-7581,Instead card indeed.
32,"Dennis, Ponce and Rivera",894-962-1493,Change require civil.
33,Jackson Inc,001-355-214-7742x594,Not impact I budget not along.
34,Berry Ltd,445-674-9490,Street thus truth.
35,Orr PLC,(896)448-9332,Compare growth prepare environment piece once.
36,"Marshall, Jacobs and Dunn",234-500-7586x02601,New war single technology few business record.
37,Cooper PLC,(983)558-2823x08172,He program treat can she real.
38,Williamson Ltd,(480)624-5370x39736,Test class fear interesting area chair chance.
39,"Evans, Owens and Johnson",001-286-703-3133x454,Bad thus face station.
40,Murphy-Hays,001-418-426-4828x3640,Final similar need population.
41,Adams and Sons,230-221-5367x205,Cell station own onto.
42,Mathis-Stewart,686.586.1742x410,Six later around check experience improve heart.
43,Evans Ltd,+1-624-458-9491x36789,Black human senior.
44,Cortez Inc,(758)548-1985,Interesting top worry ground voice single clearly benefit.
45,Donovan-Harvey,+1-624-648-6757x000,Read these week lay first mention car.
46,Brown-Jackson,873-570-5754,Ok authority wonder run exactly beyond.
47,Harrison Inc,699.952.1679,Company space space.
48,Hayes LLC,959.664.7252x641,Yes million program decision tough bank important.
49,"Little, Garcia and Ruiz",(907)718-2206,Job state industry main model right.
50,Bass PLC,908.776.1159,Social first others hit evidence form especially.
51,Martinez PLC,536-746-6677x890,Tell tax charge director hundred.
52,Hanson-Riley,455-872-9554x764,Also research middle grow store leave light.
53,"Ward, Freeman and Henry",+1-540-641-5514x915,Air chance ready area.
54,Hogan and Sons,+1-225-508-1642x119,Notice interesting general officer answer.
55,"Scott, Miranda and Bradley",867-663-5464x913,Left water few.
56,Barker LLC,545.344.4044x4296,Training agent teach start popular world turn.
57,Bailey-Perez,288-566-1643x5368,Decision bill official floor issue.
58,Cooley LLC,646-220-9089,Fill arrive defense follow.
59,"Washington, Casey and Johnson",795.983.3575x495,Available town that build case.
60,Wagner Inc,6393564160,Economy consider nature already affect.
61,Curtis-Adams,+1-948-892-3068x485,Real bag simply light.
62,Thomas LLC,371.588.6071,Office lot make exist summer.
63,Simmons-Patterson,475-446-8205x938,Those might between garden.
64,Hansen-White,730-983-4768,Town dream perhaps enjoy ball.
65,Young-Edwards,001-522-776-1087x17699,Rock relate field authority exist hour.
66,Beck-Fields,+1-651-846-1383,The need million base begin major door.
67,Turner-Hardy,001-445-940-2220x8688,Popular over become trip worker site animal.
68,Wade LLC,354.878.9386,Work weight specific very.
69,Mooney-Watson,946-772-7397x7116,Off indeed he.
70,Valenzuela-Arias,+1-672-521-9667x642,Upon fact fine contain.
71,"Ford, Cunningham and Delgado",535-542-3625,Cause common daughter war.
72,Reese LLC,7278754340,Weight anyone training where court consider site.
73,"Villegas, Garcia and Wilcox",001-228-972-4149,Sometimes rise wind check.
74,"Boyd, Wilson and Reyes",(291)243-8977,Son forward this term race.
75,Williams Group,+1-531-356-6386x431,Position data Democrat eat common less.
76,Mckinney Group,(675)694-5536x493,Big I Congress entire meet loss camera.
77,"Collier, Frye and Salazar",+1-489-827-9054x75591,Able free enter audience play.
78,Colon-Marshall,2956972581,Large a democratic save ball.
79,Cherry LLC,720-339-5958x2523,Executive sport sell major film try.
80,"Jimenez, Hunter and Mclaughlin",(872)802-6000x594,Natural base cup group economic until.
81,Lowery-Weeks,(955)957-1553x416,Although method couple often her purpose term.
82,"Martinez, Castro and Raymond",(636)932-6676x116,Lead medical night doctor.
83,Mueller Ltd,367-989-8861x02557,Movie work head film end.
84,Steele-Perez,(261)973-5380,Management your child eight capital technology upon.
85,Fischer-Watson,(571)865-0994,Me which feeling least.
86,Ellis Group,(203)477-2550x273,Hand almost cell paper buy trouble movement.
87,Cameron-Miller,(243)637-6074x66160,Work mind even director part pattern.
88,Shields-Stevens,766.555.7375x302,Edge role door.
89,Gomez-Banks,209.826.3218x190,The after why past kind player president.
90,Mullen-Martinez,208-971-5207,Recognize check rule half argue wind do.
91,Mcdonald Group,001-368-437-5670x2029,Help break amount.
92,Simmons LLC,905.306.2372x6800,Minute religious student window despite per five.
93,Reyes Ltd,(850)985-2351,Political agreement Republican go.
94,"Mason, Williamson and Bernard",001-513-581-9961x028,Call pick rich throughout not.
95,Wood PLC,(240)908-0870,Today south woman away throw certainly.
96,Howard-Chandler,605-289-2483x6470,Indeed place across lead report share energy military.
97,Green Group,311-849-0732x5182,Bar mother four structure occur have.
98,Vargas PLC,784.667.6790x756,Agreement road space image say wait.
99,"Patel, Sutton and Arellano",001-789-650-7041,Tonight front tax cell memory.
100,"Zavala, Strickland and Cunningham",+1-473-605-6401x47687,Dream reason enough draw national.
