meal_plan_id,type,description,cost
1,Standard,Own detail see kind himself somebody loss.,723.16
2,Vegetarian,Back security respond style defense decade left.,322.28
3,Vegan,Coach purpose sister church heart.,201.18
4,Vegetarian,Senior including town family authority.,711.47
5,Vegan,Recently someone also new tend important yes dinner.,374.76
6,Vegan,Federal author lawyer main west now.,341.36
7,Vegetarian,Whole point last law forward.,673.89
8,Vegan,Move role if shake.,218.96
9,Vegan,Young anyone base along adult next level.,486.1
10,Vegan,Region Congress these performance.,314.17
11,Vegan,Eye experience four affect.,474.06
12,Vegan,Kitchen fast outside seek continue interest kid.,204.45
13,Premium,Contain common one east buy.,397.96
14,Vegan,Possible final color.,223.84
15,Standard,Main hotel nature.,614.84
16,Standard,General site unit opportunity push question.,790.2
17,Vegetarian,Work up executive beautiful raise project be lawyer.,700.43
18,Vegetarian,Wear skin approach.,424.17
19,Standard,Account right laugh three court radio.,555.88
20,Premium,Baby when already community possible next.,651.7
21,Vegetarian,Address media once kid determine know.,710.4
22,Standard,Name mind always his speech last pretty.,564.97
23,Vegetarian,Always hold research fight author do.,786.59
24,Vegetarian,Stage however response southern.,521.98
25,Premium,Small lawyer manager wish.,307.59
26,Standard,Term of thus here newspaper charge hot.,606.88
27,Vegetarian,Prevent woman protect wait manage treat.,390.45
28,Premium,Line daughter simply environment time.,425.28
29,Vegan,Order director thank resource.,404.06
30,Premium,Knowledge off ask girl how authority call there.,214.94
31,Vegetarian,Pass everybody listen after.,733.94
32,Vegan,Fight add traditional degree certain after rule.,200.97
33,Premium,Industry form four not pattern quality voice.,297.85
34,Vegetarian,Drug firm position bar last science.,251.44
35,Vegetarian,Family case moment natural raise reveal middle.,425.38
36,Vegan,Establish common who my answer.,779.35
37,Vegan,Much guy current property.,651.83
38,Standard,Natural surface about national require.,582.9
39,Premium,Story wonder political fast ever.,702.68
40,Vegetarian,Onto deal behavior wife.,486.88
41,Standard,Lay business couple finally strong dinner state.,593.28
42,Vegetarian,Teach must production democratic.,253.16
43,Vegetarian,Open truth management raise.,248.47
44,Vegan,Also both there for.,437.52
45,Vegan,Give senior recently reality despite onto but.,542.15
46,Vegetarian,Best actually table themselves hope support.,760.61
47,Premium,Include affect light.,642.01
48,Vegan,Drive see hospital reflect.,664.3
49,Standard,Form dog return traditional.,700.67
50,Premium,Hair east tree trade.,422.15
51,Standard,Where white hand marriage side walk strategy.,250.58
52,Vegan,Media big evidence edge rather commercial expert.,661.2
53,Vegetarian,Song child effect report chair prepare last.,410.59
54,Vegetarian,Three sound leader project everything there sign side.,562.64
55,Vegetarian,Run contain early own very suggest TV.,614.66
56,Vegetarian,Break serious somebody news.,217.38
57,Standard,Different way from police short nice nor former.,367.94
58,Standard,Worry me prepare.,485.75
59,Vegetarian,Cup more owner doctor election.,661.38
60,Vegetarian,Opportunity various improve news generation machine marriage too.,478.89
61,Vegan,Campaign accept deal food teach effect beautiful make.,282.96
62,Premium,Magazine national play focus natural describe.,720.82
63,Standard,House message eye third blue.,369.33
64,Vegetarian,One yeah at white present support.,778.24
65,Standard,Level eye I administration baby director.,427.86
66,Standard,Almost movement thus scientist.,469.92
67,Premium,Coach dark article run which public pass security.,722.87
68,Vegan,Board idea above floor meet protect increase.,663.32
69,Vegan,Assume purpose she.,452.52
70,Vegetarian,Seat forward poor trial.,444.24
71,Vegan,Collection nor might easy eye process issue.,653.99
72,Standard,Month whole left contain real pretty by including.,602.59
73,Vegetarian,Play identify green stage student land back.,574.14
74,Vegan,Heavy account without tonight.,581.16
75,Premium,Feeling close model democratic people today.,696.8
76,Vegetarian,Recently nothing federal here thought conference.,229.5
77,Premium,Along TV why might create because sound movement.,331.84
78,Standard,Measure if recently.,331.81
79,Vegetarian,Catch bed morning receive become send start.,573.89
80,Premium,Skill mother senior owner.,520.07
81,Standard,View technology current choice ready military car.,300.17
82,Standard,Scene it speech social other deal care type.,324.7
83,Vegan,Conference beat police room politics yourself middle interview.,598.98
84,Vegetarian,Bit Democrat world thought present close particularly.,367.29
85,Vegetarian,Edge recently short bill manager manage.,666.91
86,Premium,Later along mind certainly.,662.9
87,Premium,Six his inside room color.,539.52
88,Premium,Push time discover product news economic beat.,304.7
89,Premium,Lead or collection speak.,322.13
90,Vegetarian,Policy sign perhaps mind leave shoulder.,738.86
91,Premium,Air teach talk president responsibility painting now.,534.25
92,Vegan,View there billion could again.,669.3
93,Vegetarian,Bit charge role charge generation crime any.,544.79
94,Vegan,Race in nature company performance head dog.,373.75
95,Standard,Those affect yes of imagine ahead.,706.78
96,Standard,Feeling finish each stop blood life.,740.28
97,Standard,Respond serve training stuff easy cold.,330.94
98,Standard,Building pattern during Republican.,265.25
99,Vegan,Shake time again deep whatever.,785.12
100,Standard,Must something smile dinner direction boy second whether.,630.48
