staff_id,name,role,assigned_dining_hall
1,Kenneth Martinez,Manager,32
2,Oscar Boone,Cleaner,31
3,Mrs. Sherry Perez MD,Manager,38
4,Kelly Wall,Chef,50
5,Angela Payne,Manager,13
6,Andrew Mcmahon,Cleaner,47
7,Jon Meyer,Cleaner,86
8,Alyssa Martinez,Cleaner,72
9,Christopher Nichols,Manager,87
10,Victor Good,Waiter,38
11,Mr. Scott Mendez,Cleaner,53
12,Abigail Larson,Chef,79
13,Lisa Fowler,Manager,89
14,Jared Neal,Manager,4
15,Brittany Travis,Waiter,44
16,Brent Stevenson,Cleaner,96
17,Fernando Knight,Manager,97
18,Valerie Adams,Manager,16
19,Timothy Smith,Manager,97
20,Lisa Clark,Cleaner,13
21,Tammy Blackwell,Waiter,3
22,Mark Smith,Chef,10
23,Thomas Lewis,Chef,57
24,Cory Weiss,Chef,33
25,Matthew Garcia,Waiter,15
26,Kristy Martinez,Manager,6
27,Victor Mcdaniel,Waiter,100
28,Stephanie Ryan,Chef,86
29,Elaine Gibson,Manager,89
30,Christopher Roth,Manager,69
31,Bonnie Ryan,Chef,8
32,Michael Olson,Manager,36
33,Justin Scott,Waiter,71
34,Michelle Mitchell,Manager,35
35,Kristin Johnson,Cleaner,44
36,Evan French,Manager,50
37,Joseph Smith,Chef,45
38,Natasha Douglas,Chef,79
39,Erika Walters,Manager,38
40,Mandy West,Chef,67
41,Tyler James,Cleaner,59
42,Rebecca Long,Waiter,88
43,Rebecca Grant,Manager,41
44,Adam Davis,Waiter,56
45,Timothy Boyd,Manager,90
46,Joanna Thompson,Chef,12
47,Mary Ramirez,Waiter,26
48,Darrell Williams,Manager,58
49,David Griffin,Chef,60
50,Clifford Johnson,Manager,18
51,Mr. Christopher Miller,Waiter,31
52,Rachel Michael,Chef,98
53,Dillon Miles,Manager,38
54,Michael Schmitt,Chef,23
55,Angelica Powell,Cleaner,37
56,Jennifer Davies,Cleaner,65
57,Madison Lawson,Cleaner,80
58,Gregory Wagner,Chef,76
59,Mary Reed,Cleaner,6
60,George Ramsey,Manager,14
61,Michael Rodriguez,Cleaner,73
62,Amy Walker,Waiter,66
63,Victoria Williams,Chef,66
64,Steven Thompson,Chef,3
65,Crystal Rogers,Waiter,92
66,Dr. Susan Jarvis,Chef,55
67,Charles Gonzalez,Waiter,75
68,Cynthia Martinez,Manager,46
69,Lisa Maddox,Waiter,49
70,Cynthia Lewis,Manager,44
71,Anna Ferguson,Waiter,22
72,Charles Miller DVM,Manager,30
73,Jenny Nguyen,Cleaner,57
74,Andrea Martin,Chef,34
75,Zachary Harding,Cleaner,12
76,Sharon Oliver DDS,Waiter,41
77,Sabrina Sanchez,Cleaner,76
78,Edward Franco,Chef,94
79,Roy Reyes,Manager,40
80,James Thomas,Chef,68
81,Thomas Moss,Cleaner,83
82,Mackenzie Conner,Cleaner,11
83,Anna Durham,Manager,12
84,George Mcpherson,Chef,39
85,Jennifer Patel,Manager,23
86,Mary Scott,Manager,62
87,Lori Porter,Waiter,23
88,James Hardy,Manager,53
89,Thomas Harrison,Waiter,72
90,Timothy Fields,Waiter,21
91,Amanda Snyder,Cleaner,83
92,Shane Hernandez,Chef,76
93,Angel Stewart,Manager,18
94,Clinton Allen,Waiter,75
95,Erica Young,Waiter,13
96,William Williams,Waiter,61
97,Nicole Nelson,Waiter,59
98,Vincent Peterson,Chef,53
99,David Rodriguez,Manager,13
100,Jennifer Martin,Cleaner,7
