student_id,name,dormitory_id,meal_plan_id,dietary_restrictions
1,Diana Macdonald,80,5,
2,Timothy Hutchinson,86,82,
3,Daniel Jones,37,97,Year idea here great money maybe almost.
4,Vanessa Williams MD,5,25,
5,Wayne Walters,66,63,
6,Michelle Snow,63,2,Write explain hard explain.
7,Shawn Salazar,93,98,
8,Justin Edwards,63,46,
9,Kim Haney,100,82,
10,Kevin Morales,1,50,
11,Diane Williams,22,59,
12,Emily Norris,21,60,
13,Jimmy Griffin,63,15,
14,Kim Johnson,29,6,
15,Madison Becker,49,30,
16,Thomas Lynch,31,85,
17,Karen Vaughn,92,97,Year message quite specific international produce offer picture.
18,David Ortiz,33,34,Word officer up both law.
19,Jennifer Cole,50,43,Difference able help she serious tax.
20,Karen Jones,7,9,
21,Wendy Villarreal,39,34,
22,Tanya Wilcox,71,55,Third great indicate present.
23,Damon Baker,53,92,They threat home ready.
24,Lawrence Johnson,54,18,
25,Katie Woods,10,48,
26,Eric Smith,21,16,
27,Russell Reynolds,50,55,
28,Andrew Baird,87,68,
29,George Jackson,88,53,Market table Mr skill drug cold.
30,William Wilson,30,89,Too door office nothing north.
31,Eugene Graves,27,61,
32,John Harris,22,19,Message you imagine guy popular wind industry.
33,John Duarte,16,77,
34,Brandon Bowers,78,81,
35,Charles Rogers,97,13,
36,Jonathan Jimenez,70,34,
37,Jason Ortega,3,23,
38,Cynthia Valdez,74,50,
39,Mitchell Mcbride,17,100,
40,Dr. Taylor Martinez,77,46,
41,Jeffrey Murphy,95,4,
42,Patricia Rose,86,75,
43,Anita Lane,99,69,
44,Michelle White,23,22,
45,Kelly Gordon,97,69,
46,Keith Jones,87,59,Able truth look ask.
47,Timothy Jones,46,11,
48,Nathaniel Mullen,57,11,
49,Bobby Sanchez,100,70,
50,Dr. Justin Harris,74,77,Seem theory program short safe style two.
51,Ellen Lopez,82,63,Care strategy establish control.
52,Joshua Ortega,43,95,
53,Nicole Stephenson,24,85,
54,Cheryl Lambert,19,98,Especially responsibility space difference clear sea.
55,Elizabeth Terry,17,60,
56,Ronald Ramirez,100,6,May close my believe.
57,Peter Parker,6,36,
58,Christopher Miller,10,83,Cold charge after.
59,Mr. Robert Butler MD,94,78,
60,Kathryn Brown,12,67,
61,Ashley Mclaughlin,61,46,
62,Brady Castillo,90,24,
63,Taylor Black,61,100,
64,Stephen Rose,90,59,
65,Shannon Perez,15,37,Industry evidence society try employee anything figure.
66,Colton Cross,33,92,
67,Zachary Wheeler,29,74,Project food thank reach consider.
68,Michelle Miller,24,36,Thank now establish year majority guess condition.
69,David Ball,3,69,
70,Jaime Myers,83,63,
71,Mr. Brent Cooper,18,54,
72,Richard Gonzalez,79,66,
73,Anthony Hamilton,82,95,
74,Evelyn Smith,26,45,Letter glass eat success analysis special American.
75,Olivia Dunn,79,41,
76,James White,1,81,
77,Kimberly Williams,61,97,Grow apply decade chance develop dark customer.
78,Tanya Ellison,32,90,
79,Anne Smith,91,18,
80,Jon Saunders,86,35,Need despite player manager next tonight water animal.
81,Peter Phelps,2,82,
82,Jesse Perkins,99,58,Necessary board sea collection listen however.
83,Jacob Ray,24,65,
84,Mark Carey,53,33,
85,Kristine Leblanc,40,50,Seek and result the also.
86,Carolyn Drake,3,75,
87,Jonathan Cross,11,77,Prepare choice end.
88,Matthew Bowman,21,45,
89,Debbie Ingram,36,45,
90,Laura Hernandez,75,33,
91,Tracey Parrish,29,56,Writer near outside traditional bar like.
92,Henry Lopez,40,68,
93,Amanda Mcdonald,61,42,Ever end PM their tax pattern car find.
94,Amanda Collins,27,38,Time often fly exactly end fine.
95,Nicole Kent,44,15,Spend thing world democratic discuss still nearly.
96,Clifford Nguyen,1,68,
97,Logan Carroll MD,86,8,
98,Jeremy May,11,66,Necessary wife rich eat feeling.
99,Kendra Buck,5,59,Arm author responsibility game threat event.
100,Casey Morales,38,86,Film push challenge speech my.
